node_id	layer_id	op_id	name	op_type	inputs	outputs
N000	L000	conv_000	/model.0/conv/Conv	Conv	images:FLOAT:[1, 3, 640, 640] | model.0.conv.weight:FLOAT:[16, 3, 3, 3] | model.0.conv.bias:FLOAT:[16]	/model.0/conv/Conv_output_0:FLOAT:[1, 16, 320, 320]
N001	L001	sigmoid_000	/model.0/act/Sigmoid	Sigmoid	/model.0/conv/Conv_output_0:FLOAT:[1, 16, 320, 320]	/model.0/act/Sigmoid_output_0:FLOAT:[1, 16, 320, 320]
N002	L002	mul_000	/model.0/act/Mul	Mul	/model.0/conv/Conv_output_0:FLOAT:[1, 16, 320, 320] | /model.0/act/Sigmoid_output_0:FLOAT:[1, 16, 320, 320]	/model.0/act/Mul_output_0:FLOAT:[1, 16, 320, 320]
N003	L003	conv_001	/model.1/conv/Conv	Conv	/model.0/act/Mul_output_0:FLOAT:[1, 16, 320, 320] | model.1.conv.weight:FLOAT:[32, 16, 3, 3] | model.1.conv.bias:FLOAT:[32]	/model.1/conv/Conv_output_0:FLOAT:[1, 32, 160, 160]
N004	L004	sigmoid_001	/model.1/act/Sigmoid	Sigmoid	/model.1/conv/Conv_output_0:FLOAT:[1, 32, 160, 160]	/model.1/act/Sigmoid_output_0:FLOAT:[1, 32, 160, 160]
N005	L005	mul_001	/model.1/act/Mul	Mul	/model.1/conv/Conv_output_0:FLOAT:[1, 32, 160, 160] | /model.1/act/Sigmoid_output_0:FLOAT:[1, 32, 160, 160]	/model.1/act/Mul_output_0:FLOAT:[1, 32, 160, 160]
N006	L006	conv_002	/model.2/cv1/conv/Conv	Conv	/model.1/act/Mul_output_0:FLOAT:[1, 32, 160, 160] | model.2.cv1.conv.weight:FLOAT:[32, 32, 1, 1] | model.2.cv1.conv.bias:FLOAT:[32]	/model.2/cv1/conv/Conv_output_0:FLOAT:[1, 32, 160, 160]
N007	L007	sigmoid_002	/model.2/cv1/act/Sigmoid	Sigmoid	/model.2/cv1/conv/Conv_output_0:FLOAT:[1, 32, 160, 160]	/model.2/cv1/act/Sigmoid_output_0:FLOAT:[1, 32, 160, 160]
N008	L008	mul_002	/model.2/cv1/act/Mul	Mul	/model.2/cv1/conv/Conv_output_0:FLOAT:[1, 32, 160, 160] | /model.2/cv1/act/Sigmoid_output_0:FLOAT:[1, 32, 160, 160]	/model.2/cv1/act/Mul_output_0:FLOAT:[1, 32, 160, 160]
N009	L009	split_000	/model.2/Split	Split	/model.2/cv1/act/Mul_output_0:FLOAT:[1, 32, 160, 160] | onnx::Split_225:INT64:[2]	/model.2/Split_output_0:FLOAT:[1, 16, 160, 160] | /model.2/Split_output_1:FLOAT:[1, 16, 160, 160]
N010	L010	conv_003	/model.2/m.0/cv1/conv/Conv	Conv	/model.2/Split_output_1:FLOAT:[1, 16, 160, 160] | model.2.m.0.cv1.conv.weight:FLOAT:[16, 16, 3, 3] | model.2.m.0.cv1.conv.bias:FLOAT:[16]	/model.2/m.0/cv1/conv/Conv_output_0:FLOAT:[1, 16, 160, 160]
N011	L011	sigmoid_003	/model.2/m.0/cv1/act/Sigmoid	Sigmoid	/model.2/m.0/cv1/conv/Conv_output_0:FLOAT:[1, 16, 160, 160]	/model.2/m.0/cv1/act/Sigmoid_output_0:FLOAT:[1, 16, 160, 160]
N012	L012	mul_003	/model.2/m.0/cv1/act/Mul	Mul	/model.2/m.0/cv1/conv/Conv_output_0:FLOAT:[1, 16, 160, 160] | /model.2/m.0/cv1/act/Sigmoid_output_0:FLOAT:[1, 16, 160, 160]	/model.2/m.0/cv1/act/Mul_output_0:FLOAT:[1, 16, 160, 160]
N013	L013	conv_004	/model.2/m.0/cv2/conv/Conv	Conv	/model.2/m.0/cv1/act/Mul_output_0:FLOAT:[1, 16, 160, 160] | model.2.m.0.cv2.conv.weight:FLOAT:[16, 16, 3, 3] | model.2.m.0.cv2.conv.bias:FLOAT:[16]	/model.2/m.0/cv2/conv/Conv_output_0:FLOAT:[1, 16, 160, 160]
N014	L014	sigmoid_004	/model.2/m.0/cv2/act/Sigmoid	Sigmoid	/model.2/m.0/cv2/conv/Conv_output_0:FLOAT:[1, 16, 160, 160]	/model.2/m.0/cv2/act/Sigmoid_output_0:FLOAT:[1, 16, 160, 160]
N015	L015	mul_004	/model.2/m.0/cv2/act/Mul	Mul	/model.2/m.0/cv2/conv/Conv_output_0:FLOAT:[1, 16, 160, 160] | /model.2/m.0/cv2/act/Sigmoid_output_0:FLOAT:[1, 16, 160, 160]	/model.2/m.0/cv2/act/Mul_output_0:FLOAT:[1, 16, 160, 160]
N016	L016	add_000	/model.2/m.0/Add	Add	/model.2/Split_output_1:FLOAT:[1, 16, 160, 160] | /model.2/m.0/cv2/act/Mul_output_0:FLOAT:[1, 16, 160, 160]	/model.2/m.0/Add_output_0:FLOAT:[1, 16, 160, 160]
N017	L017	concat_000	/model.2/Concat	Concat	/model.2/Split_output_0:FLOAT:[1, 16, 160, 160] | /model.2/Split_output_1:FLOAT:[1, 16, 160, 160] | /model.2/m.0/Add_output_0:FLOAT:[1, 16, 160, 160]	/model.2/Concat_output_0:FLOAT:[1, 48, 160, 160]
N018	L018	conv_005	/model.2/cv2/conv/Conv	Conv	/model.2/Concat_output_0:FLOAT:[1, 48, 160, 160] | model.2.cv2.conv.weight:FLOAT:[32, 48, 1, 1] | model.2.cv2.conv.bias:FLOAT:[32]	/model.2/cv2/conv/Conv_output_0:FLOAT:[1, 32, 160, 160]
N019	L019	sigmoid_005	/model.2/cv2/act/Sigmoid	Sigmoid	/model.2/cv2/conv/Conv_output_0:FLOAT:[1, 32, 160, 160]	/model.2/cv2/act/Sigmoid_output_0:FLOAT:[1, 32, 160, 160]
N020	L020	mul_005	/model.2/cv2/act/Mul	Mul	/model.2/cv2/conv/Conv_output_0:FLOAT:[1, 32, 160, 160] | /model.2/cv2/act/Sigmoid_output_0:FLOAT:[1, 32, 160, 160]	/model.2/cv2/act/Mul_output_0:FLOAT:[1, 32, 160, 160]
N021	L021	conv_006	/model.3/conv/Conv	Conv	/model.2/cv2/act/Mul_output_0:FLOAT:[1, 32, 160, 160] | model.3.conv.weight:FLOAT:[64, 32, 3, 3] | model.3.conv.bias:FLOAT:[64]	/model.3/conv/Conv_output_0:FLOAT:[1, 64, 80, 80]
N022	L022	sigmoid_006	/model.3/act/Sigmoid	Sigmoid	/model.3/conv/Conv_output_0:FLOAT:[1, 64, 80, 80]	/model.3/act/Sigmoid_output_0:FLOAT:[1, 64, 80, 80]
N023	L023	mul_006	/model.3/act/Mul	Mul	/model.3/conv/Conv_output_0:FLOAT:[1, 64, 80, 80] | /model.3/act/Sigmoid_output_0:FLOAT:[1, 64, 80, 80]	/model.3/act/Mul_output_0:FLOAT:[1, 64, 80, 80]
N024	L024	conv_007	/model.4/cv1/conv/Conv	Conv	/model.3/act/Mul_output_0:FLOAT:[1, 64, 80, 80] | model.4.cv1.conv.weight:FLOAT:[64, 64, 1, 1] | model.4.cv1.conv.bias:FLOAT:[64]	/model.4/cv1/conv/Conv_output_0:FLOAT:[1, 64, 80, 80]
N025	L025	sigmoid_007	/model.4/cv1/act/Sigmoid	Sigmoid	/model.4/cv1/conv/Conv_output_0:FLOAT:[1, 64, 80, 80]	/model.4/cv1/act/Sigmoid_output_0:FLOAT:[1, 64, 80, 80]
N026	L026	mul_007	/model.4/cv1/act/Mul	Mul	/model.4/cv1/conv/Conv_output_0:FLOAT:[1, 64, 80, 80] | /model.4/cv1/act/Sigmoid_output_0:FLOAT:[1, 64, 80, 80]	/model.4/cv1/act/Mul_output_0:FLOAT:[1, 64, 80, 80]
N027	L027	split_001	/model.4/Split	Split	/model.4/cv1/act/Mul_output_0:FLOAT:[1, 64, 80, 80] | onnx::Split_245:INT64:[2]	/model.4/Split_output_0:FLOAT:[1, 32, 80, 80] | /model.4/Split_output_1:FLOAT:[1, 32, 80, 80]
N028	L028	conv_008	/model.4/m.0/cv1/conv/Conv	Conv	/model.4/Split_output_1:FLOAT:[1, 32, 80, 80] | model.4.m.0.cv1.conv.weight:FLOAT:[32, 32, 3, 3] | model.4.m.0.cv1.conv.bias:FLOAT:[32]	/model.4/m.0/cv1/conv/Conv_output_0:FLOAT:[1, 32, 80, 80]
N029	L029	sigmoid_008	/model.4/m.0/cv1/act/Sigmoid	Sigmoid	/model.4/m.0/cv1/conv/Conv_output_0:FLOAT:[1, 32, 80, 80]	/model.4/m.0/cv1/act/Sigmoid_output_0:FLOAT:[1, 32, 80, 80]
N030	L030	mul_008	/model.4/m.0/cv1/act/Mul	Mul	/model.4/m.0/cv1/conv/Conv_output_0:FLOAT:[1, 32, 80, 80] | /model.4/m.0/cv1/act/Sigmoid_output_0:FLOAT:[1, 32, 80, 80]	/model.4/m.0/cv1/act/Mul_output_0:FLOAT:[1, 32, 80, 80]
N031	L031	conv_009	/model.4/m.0/cv2/conv/Conv	Conv	/model.4/m.0/cv1/act/Mul_output_0:FLOAT:[1, 32, 80, 80] | model.4.m.0.cv2.conv.weight:FLOAT:[32, 32, 3, 3] | model.4.m.0.cv2.conv.bias:FLOAT:[32]	/model.4/m.0/cv2/conv/Conv_output_0:FLOAT:[1, 32, 80, 80]
N032	L032	sigmoid_009	/model.4/m.0/cv2/act/Sigmoid	Sigmoid	/model.4/m.0/cv2/conv/Conv_output_0:FLOAT:[1, 32, 80, 80]	/model.4/m.0/cv2/act/Sigmoid_output_0:FLOAT:[1, 32, 80, 80]
N033	L033	mul_009	/model.4/m.0/cv2/act/Mul	Mul	/model.4/m.0/cv2/conv/Conv_output_0:FLOAT:[1, 32, 80, 80] | /model.4/m.0/cv2/act/Sigmoid_output_0:FLOAT:[1, 32, 80, 80]	/model.4/m.0/cv2/act/Mul_output_0:FLOAT:[1, 32, 80, 80]
N034	L034	add_001	/model.4/m.0/Add	Add	/model.4/Split_output_1:FLOAT:[1, 32, 80, 80] | /model.4/m.0/cv2/act/Mul_output_0:FLOAT:[1, 32, 80, 80]	/model.4/m.0/Add_output_0:FLOAT:[1, 32, 80, 80]
N035	L035	conv_010	/model.4/m.1/cv1/conv/Conv	Conv	/model.4/m.0/Add_output_0:FLOAT:[1, 32, 80, 80] | model.4.m.1.cv1.conv.weight:FLOAT:[32, 32, 3, 3] | model.4.m.1.cv1.conv.bias:FLOAT:[32]	/model.4/m.1/cv1/conv/Conv_output_0:FLOAT:[1, 32, 80, 80]
N036	L036	sigmoid_010	/model.4/m.1/cv1/act/Sigmoid	Sigmoid	/model.4/m.1/cv1/conv/Conv_output_0:FLOAT:[1, 32, 80, 80]	/model.4/m.1/cv1/act/Sigmoid_output_0:FLOAT:[1, 32, 80, 80]
N037	L037	mul_010	/model.4/m.1/cv1/act/Mul	Mul	/model.4/m.1/cv1/conv/Conv_output_0:FLOAT:[1, 32, 80, 80] | /model.4/m.1/cv1/act/Sigmoid_output_0:FLOAT:[1, 32, 80, 80]	/model.4/m.1/cv1/act/Mul_output_0:FLOAT:[1, 32, 80, 80]
N038	L038	conv_011	/model.4/m.1/cv2/conv/Conv	Conv	/model.4/m.1/cv1/act/Mul_output_0:FLOAT:[1, 32, 80, 80] | model.4.m.1.cv2.conv.weight:FLOAT:[32, 32, 3, 3] | model.4.m.1.cv2.conv.bias:FLOAT:[32]	/model.4/m.1/cv2/conv/Conv_output_0:FLOAT:[1, 32, 80, 80]
N039	L039	sigmoid_011	/model.4/m.1/cv2/act/Sigmoid	Sigmoid	/model.4/m.1/cv2/conv/Conv_output_0:FLOAT:[1, 32, 80, 80]	/model.4/m.1/cv2/act/Sigmoid_output_0:FLOAT:[1, 32, 80, 80]
N040	L040	mul_011	/model.4/m.1/cv2/act/Mul	Mul	/model.4/m.1/cv2/conv/Conv_output_0:FLOAT:[1, 32, 80, 80] | /model.4/m.1/cv2/act/Sigmoid_output_0:FLOAT:[1, 32, 80, 80]	/model.4/m.1/cv2/act/Mul_output_0:FLOAT:[1, 32, 80, 80]
N041	L041	add_002	/model.4/m.1/Add	Add	/model.4/m.0/Add_output_0:FLOAT:[1, 32, 80, 80] | /model.4/m.1/cv2/act/Mul_output_0:FLOAT:[1, 32, 80, 80]	/model.4/m.1/Add_output_0:FLOAT:[1, 32, 80, 80]
N042	L042	concat_001	/model.4/Concat	Concat	/model.4/Split_output_0:FLOAT:[1, 32, 80, 80] | /model.4/Split_output_1:FLOAT:[1, 32, 80, 80] | /model.4/m.0/Add_output_0:FLOAT:[1, 32, 80, 80] | /model.4/m.1/Add_output_0:FLOAT:[1, 32, 80, 80]	/model.4/Concat_output_0:FLOAT:[1, 128, 80, 80]
N043	L043	conv_012	/model.4/cv2/conv/Conv	Conv	/model.4/Concat_output_0:FLOAT:[1, 128, 80, 80] | model.4.cv2.conv.weight:FLOAT:[64, 128, 1, 1] | model.4.cv2.conv.bias:FLOAT:[64]	/model.4/cv2/conv/Conv_output_0:FLOAT:[1, 64, 80, 80]
N044	L044	sigmoid_012	/model.4/cv2/act/Sigmoid	Sigmoid	/model.4/cv2/conv/Conv_output_0:FLOAT:[1, 64, 80, 80]	/model.4/cv2/act/Sigmoid_output_0:FLOAT:[1, 64, 80, 80]
N045	L045	mul_012	/model.4/cv2/act/Mul	Mul	/model.4/cv2/conv/Conv_output_0:FLOAT:[1, 64, 80, 80] | /model.4/cv2/act/Sigmoid_output_0:FLOAT:[1, 64, 80, 80]	/model.4/cv2/act/Mul_output_0:FLOAT:[1, 64, 80, 80]
N046	L046	conv_013	/model.5/cv1/conv/Conv	Conv	/model.4/cv2/act/Mul_output_0:FLOAT:[1, 64, 80, 80] | model.5.cv1.conv.weight:FLOAT:[128, 64, 1, 1] | model.5.cv1.conv.bias:FLOAT:[128]	/model.5/cv1/conv/Conv_output_0:FLOAT:[1, 128, 80, 80]
N047	L047	sigmoid_013	/model.5/cv1/act/Sigmoid	Sigmoid	/model.5/cv1/conv/Conv_output_0:FLOAT:[1, 128, 80, 80]	/model.5/cv1/act/Sigmoid_output_0:FLOAT:[1, 128, 80, 80]
N048	L048	mul_013	/model.5/cv1/act/Mul	Mul	/model.5/cv1/conv/Conv_output_0:FLOAT:[1, 128, 80, 80] | /model.5/cv1/act/Sigmoid_output_0:FLOAT:[1, 128, 80, 80]	/model.5/cv1/act/Mul_output_0:FLOAT:[1, 128, 80, 80]
N049	L049	conv_014	/model.5/cv2/conv/Conv	Conv	/model.5/cv1/act/Mul_output_0:FLOAT:[1, 128, 80, 80] | model.5.cv2.conv.weight:FLOAT:[128, 1, 3, 3] | model.5.cv2.conv.bias:FLOAT:[128]	/model.5/cv2/conv/Conv_output_0:FLOAT:[1, 128, 40, 40]
N050	L050	conv_015	/model.6/cv1/conv/Conv	Conv	/model.5/cv2/conv/Conv_output_0:FLOAT:[1, 128, 40, 40] | model.6.cv1.conv.weight:FLOAT:[128, 128, 1, 1] | model.6.cv1.conv.bias:FLOAT:[128]	/model.6/cv1/conv/Conv_output_0:FLOAT:[1, 128, 40, 40]
N051	L051	sigmoid_014	/model.6/cv1/act/Sigmoid	Sigmoid	/model.6/cv1/conv/Conv_output_0:FLOAT:[1, 128, 40, 40]	/model.6/cv1/act/Sigmoid_output_0:FLOAT:[1, 128, 40, 40]
N052	L052	mul_014	/model.6/cv1/act/Mul	Mul	/model.6/cv1/conv/Conv_output_0:FLOAT:[1, 128, 40, 40] | /model.6/cv1/act/Sigmoid_output_0:FLOAT:[1, 128, 40, 40]	/model.6/cv1/act/Mul_output_0:FLOAT:[1, 128, 40, 40]
N053	L053	split_002	/model.6/Split	Split	/model.6/cv1/act/Mul_output_0:FLOAT:[1, 128, 40, 40] | onnx::Split_273:INT64:[2]	/model.6/Split_output_0:FLOAT:[1, 64, 40, 40] | /model.6/Split_output_1:FLOAT:[1, 64, 40, 40]
N054	L054	conv_016	/model.6/m.0/cv1/conv/Conv	Conv	/model.6/Split_output_1:FLOAT:[1, 64, 40, 40] | model.6.m.0.cv1.conv.weight:FLOAT:[64, 64, 3, 3] | model.6.m.0.cv1.conv.bias:FLOAT:[64]	/model.6/m.0/cv1/conv/Conv_output_0:FLOAT:[1, 64, 40, 40]
N055	L055	sigmoid_015	/model.6/m.0/cv1/act/Sigmoid	Sigmoid	/model.6/m.0/cv1/conv/Conv_output_0:FLOAT:[1, 64, 40, 40]	/model.6/m.0/cv1/act/Sigmoid_output_0:FLOAT:[1, 64, 40, 40]
N056	L056	mul_015	/model.6/m.0/cv1/act/Mul	Mul	/model.6/m.0/cv1/conv/Conv_output_0:FLOAT:[1, 64, 40, 40] | /model.6/m.0/cv1/act/Sigmoid_output_0:FLOAT:[1, 64, 40, 40]	/model.6/m.0/cv1/act/Mul_output_0:FLOAT:[1, 64, 40, 40]
N057	L057	conv_017	/model.6/m.0/cv2/conv/Conv	Conv	/model.6/m.0/cv1/act/Mul_output_0:FLOAT:[1, 64, 40, 40] | model.6.m.0.cv2.conv.weight:FLOAT:[64, 64, 3, 3] | model.6.m.0.cv2.conv.bias:FLOAT:[64]	/model.6/m.0/cv2/conv/Conv_output_0:FLOAT:[1, 64, 40, 40]
N058	L058	sigmoid_016	/model.6/m.0/cv2/act/Sigmoid	Sigmoid	/model.6/m.0/cv2/conv/Conv_output_0:FLOAT:[1, 64, 40, 40]	/model.6/m.0/cv2/act/Sigmoid_output_0:FLOAT:[1, 64, 40, 40]
N059	L059	mul_016	/model.6/m.0/cv2/act/Mul	Mul	/model.6/m.0/cv2/conv/Conv_output_0:FLOAT:[1, 64, 40, 40] | /model.6/m.0/cv2/act/Sigmoid_output_0:FLOAT:[1, 64, 40, 40]	/model.6/m.0/cv2/act/Mul_output_0:FLOAT:[1, 64, 40, 40]
N060	L060	add_003	/model.6/m.0/Add	Add	/model.6/Split_output_1:FLOAT:[1, 64, 40, 40] | /model.6/m.0/cv2/act/Mul_output_0:FLOAT:[1, 64, 40, 40]	/model.6/m.0/Add_output_0:FLOAT:[1, 64, 40, 40]
N061	L061	conv_018	/model.6/m.1/cv1/conv/Conv	Conv	/model.6/m.0/Add_output_0:FLOAT:[1, 64, 40, 40] | model.6.m.1.cv1.conv.weight:FLOAT:[64, 64, 3, 3] | model.6.m.1.cv1.conv.bias:FLOAT:[64]	/model.6/m.1/cv1/conv/Conv_output_0:FLOAT:[1, 64, 40, 40]
N062	L062	sigmoid_017	/model.6/m.1/cv1/act/Sigmoid	Sigmoid	/model.6/m.1/cv1/conv/Conv_output_0:FLOAT:[1, 64, 40, 40]	/model.6/m.1/cv1/act/Sigmoid_output_0:FLOAT:[1, 64, 40, 40]
N063	L063	mul_017	/model.6/m.1/cv1/act/Mul	Mul	/model.6/m.1/cv1/conv/Conv_output_0:FLOAT:[1, 64, 40, 40] | /model.6/m.1/cv1/act/Sigmoid_output_0:FLOAT:[1, 64, 40, 40]	/model.6/m.1/cv1/act/Mul_output_0:FLOAT:[1, 64, 40, 40]
N064	L064	conv_019	/model.6/m.1/cv2/conv/Conv	Conv	/model.6/m.1/cv1/act/Mul_output_0:FLOAT:[1, 64, 40, 40] | model.6.m.1.cv2.conv.weight:FLOAT:[64, 64, 3, 3] | model.6.m.1.cv2.conv.bias:FLOAT:[64]	/model.6/m.1/cv2/conv/Conv_output_0:FLOAT:[1, 64, 40, 40]
N065	L065	sigmoid_018	/model.6/m.1/cv2/act/Sigmoid	Sigmoid	/model.6/m.1/cv2/conv/Conv_output_0:FLOAT:[1, 64, 40, 40]	/model.6/m.1/cv2/act/Sigmoid_output_0:FLOAT:[1, 64, 40, 40]
N066	L066	mul_018	/model.6/m.1/cv2/act/Mul	Mul	/model.6/m.1/cv2/conv/Conv_output_0:FLOAT:[1, 64, 40, 40] | /model.6/m.1/cv2/act/Sigmoid_output_0:FLOAT:[1, 64, 40, 40]	/model.6/m.1/cv2/act/Mul_output_0:FLOAT:[1, 64, 40, 40]
N067	L067	add_004	/model.6/m.1/Add	Add	/model.6/m.0/Add_output_0:FLOAT:[1, 64, 40, 40] | /model.6/m.1/cv2/act/Mul_output_0:FLOAT:[1, 64, 40, 40]	/model.6/m.1/Add_output_0:FLOAT:[1, 64, 40, 40]
N068	L068	concat_002	/model.6/Concat	Concat	/model.6/Split_output_0:FLOAT:[1, 64, 40, 40] | /model.6/Split_output_1:FLOAT:[1, 64, 40, 40] | /model.6/m.0/Add_output_0:FLOAT:[1, 64, 40, 40] | /model.6/m.1/Add_output_0:FLOAT:[1, 64, 40, 40]	/model.6/Concat_output_0:FLOAT:[1, 256, 40, 40]
N069	L069	conv_020	/model.6/cv2/conv/Conv	Conv	/model.6/Concat_output_0:FLOAT:[1, 256, 40, 40] | model.6.cv2.conv.weight:FLOAT:[128, 256, 1, 1] | model.6.cv2.conv.bias:FLOAT:[128]	/model.6/cv2/conv/Conv_output_0:FLOAT:[1, 128, 40, 40]
N070	L070	sigmoid_019	/model.6/cv2/act/Sigmoid	Sigmoid	/model.6/cv2/conv/Conv_output_0:FLOAT:[1, 128, 40, 40]	/model.6/cv2/act/Sigmoid_output_0:FLOAT:[1, 128, 40, 40]
N071	L071	mul_019	/model.6/cv2/act/Mul	Mul	/model.6/cv2/conv/Conv_output_0:FLOAT:[1, 128, 40, 40] | /model.6/cv2/act/Sigmoid_output_0:FLOAT:[1, 128, 40, 40]	/model.6/cv2/act/Mul_output_0:FLOAT:[1, 128, 40, 40]
N072	L072	conv_021	/model.7/cv1/conv/Conv	Conv	/model.6/cv2/act/Mul_output_0:FLOAT:[1, 128, 40, 40] | model.7.cv1.conv.weight:FLOAT:[256, 128, 1, 1] | model.7.cv1.conv.bias:FLOAT:[256]	/model.7/cv1/conv/Conv_output_0:FLOAT:[1, 256, 40, 40]
N073	L073	sigmoid_020	/model.7/cv1/act/Sigmoid	Sigmoid	/model.7/cv1/conv/Conv_output_0:FLOAT:[1, 256, 40, 40]	/model.7/cv1/act/Sigmoid_output_0:FLOAT:[1, 256, 40, 40]
N074	L074	mul_020	/model.7/cv1/act/Mul	Mul	/model.7/cv1/conv/Conv_output_0:FLOAT:[1, 256, 40, 40] | /model.7/cv1/act/Sigmoid_output_0:FLOAT:[1, 256, 40, 40]	/model.7/cv1/act/Mul_output_0:FLOAT:[1, 256, 40, 40]
N075	L075	conv_022	/model.7/cv2/conv/Conv	Conv	/model.7/cv1/act/Mul_output_0:FLOAT:[1, 256, 40, 40] | model.7.cv2.conv.weight:FLOAT:[256, 1, 3, 3] | model.7.cv2.conv.bias:FLOAT:[256]	/model.7/cv2/conv/Conv_output_0:FLOAT:[1, 256, 20, 20]
N076	L076	conv_023	/model.8/cv1/conv/Conv	Conv	/model.7/cv2/conv/Conv_output_0:FLOAT:[1, 256, 20, 20] | model.8.cv1.conv.weight:FLOAT:[256, 256, 1, 1] | model.8.cv1.conv.bias:FLOAT:[256]	/model.8/cv1/conv/Conv_output_0:FLOAT:[1, 256, 20, 20]
N077	L077	sigmoid_021	/model.8/cv1/act/Sigmoid	Sigmoid	/model.8/cv1/conv/Conv_output_0:FLOAT:[1, 256, 20, 20]	/model.8/cv1/act/Sigmoid_output_0:FLOAT:[1, 256, 20, 20]
N078	L078	mul_021	/model.8/cv1/act/Mul	Mul	/model.8/cv1/conv/Conv_output_0:FLOAT:[1, 256, 20, 20] | /model.8/cv1/act/Sigmoid_output_0:FLOAT:[1, 256, 20, 20]	/model.8/cv1/act/Mul_output_0:FLOAT:[1, 256, 20, 20]
N079	L079	split_003	/model.8/Split	Split	/model.8/cv1/act/Mul_output_0:FLOAT:[1, 256, 20, 20] | onnx::Split_301:INT64:[2]	/model.8/Split_output_0:FLOAT:[1, 128, 20, 20] | /model.8/Split_output_1:FLOAT:[1, 128, 20, 20]
N080	L080	conv_024	/model.8/m.0/cv1/conv/Conv	Conv	/model.8/Split_output_1:FLOAT:[1, 128, 20, 20] | model.8.m.0.cv1.conv.weight:FLOAT:[128, 128, 3, 3] | model.8.m.0.cv1.conv.bias:FLOAT:[128]	/model.8/m.0/cv1/conv/Conv_output_0:FLOAT:[1, 128, 20, 20]
N081	L081	sigmoid_022	/model.8/m.0/cv1/act/Sigmoid	Sigmoid	/model.8/m.0/cv1/conv/Conv_output_0:FLOAT:[1, 128, 20, 20]	/model.8/m.0/cv1/act/Sigmoid_output_0:FLOAT:[1, 128, 20, 20]
N082	L082	mul_022	/model.8/m.0/cv1/act/Mul	Mul	/model.8/m.0/cv1/conv/Conv_output_0:FLOAT:[1, 128, 20, 20] | /model.8/m.0/cv1/act/Sigmoid_output_0:FLOAT:[1, 128, 20, 20]	/model.8/m.0/cv1/act/Mul_output_0:FLOAT:[1, 128, 20, 20]
N083	L083	conv_025	/model.8/m.0/cv2/conv/Conv	Conv	/model.8/m.0/cv1/act/Mul_output_0:FLOAT:[1, 128, 20, 20] | model.8.m.0.cv2.conv.weight:FLOAT:[128, 128, 3, 3] | model.8.m.0.cv2.conv.bias:FLOAT:[128]	/model.8/m.0/cv2/conv/Conv_output_0:FLOAT:[1, 128, 20, 20]
N084	L084	sigmoid_023	/model.8/m.0/cv2/act/Sigmoid	Sigmoid	/model.8/m.0/cv2/conv/Conv_output_0:FLOAT:[1, 128, 20, 20]	/model.8/m.0/cv2/act/Sigmoid_output_0:FLOAT:[1, 128, 20, 20]
N085	L085	mul_023	/model.8/m.0/cv2/act/Mul	Mul	/model.8/m.0/cv2/conv/Conv_output_0:FLOAT:[1, 128, 20, 20] | /model.8/m.0/cv2/act/Sigmoid_output_0:FLOAT:[1, 128, 20, 20]	/model.8/m.0/cv2/act/Mul_output_0:FLOAT:[1, 128, 20, 20]
N086	L086	add_005	/model.8/m.0/Add	Add	/model.8/Split_output_1:FLOAT:[1, 128, 20, 20] | /model.8/m.0/cv2/act/Mul_output_0:FLOAT:[1, 128, 20, 20]	/model.8/m.0/Add_output_0:FLOAT:[1, 128, 20, 20]
N087	L087	concat_003	/model.8/Concat	Concat	/model.8/Split_output_0:FLOAT:[1, 128, 20, 20] | /model.8/Split_output_1:FLOAT:[1, 128, 20, 20] | /model.8/m.0/Add_output_0:FLOAT:[1, 128, 20, 20]	/model.8/Concat_output_0:FLOAT:[1, 384, 20, 20]
N088	L088	conv_026	/model.8/cv2/conv/Conv	Conv	/model.8/Concat_output_0:FLOAT:[1, 384, 20, 20] | model.8.cv2.conv.weight:FLOAT:[256, 384, 1, 1] | model.8.cv2.conv.bias:FLOAT:[256]	/model.8/cv2/conv/Conv_output_0:FLOAT:[1, 256, 20, 20]
N089	L089	sigmoid_024	/model.8/cv2/act/Sigmoid	Sigmoid	/model.8/cv2/conv/Conv_output_0:FLOAT:[1, 256, 20, 20]	/model.8/cv2/act/Sigmoid_output_0:FLOAT:[1, 256, 20, 20]
N090	L090	mul_024	/model.8/cv2/act/Mul	Mul	/model.8/cv2/conv/Conv_output_0:FLOAT:[1, 256, 20, 20] | /model.8/cv2/act/Sigmoid_output_0:FLOAT:[1, 256, 20, 20]	/model.8/cv2/act/Mul_output_0:FLOAT:[1, 256, 20, 20]
N091	L091	conv_027	/model.9/cv1/conv/Conv	Conv	/model.8/cv2/act/Mul_output_0:FLOAT:[1, 256, 20, 20] | model.9.cv1.conv.weight:FLOAT:[128, 256, 1, 1] | model.9.cv1.conv.bias:FLOAT:[128]	/model.9/cv1/conv/Conv_output_0:FLOAT:[1, 128, 20, 20]
N092	L092	sigmoid_025	/model.9/cv1/act/Sigmoid	Sigmoid	/model.9/cv1/conv/Conv_output_0:FLOAT:[1, 128, 20, 20]	/model.9/cv1/act/Sigmoid_output_0:FLOAT:[1, 128, 20, 20]
N093	L093	mul_025	/model.9/cv1/act/Mul	Mul	/model.9/cv1/conv/Conv_output_0:FLOAT:[1, 128, 20, 20] | /model.9/cv1/act/Sigmoid_output_0:FLOAT:[1, 128, 20, 20]	/model.9/cv1/act/Mul_output_0:FLOAT:[1, 128, 20, 20]
N094	L094	maxpool_000	/model.9/m/MaxPool	MaxPool	/model.9/cv1/act/Mul_output_0:FLOAT:[1, 128, 20, 20]	/model.9/m/MaxPool_output_0:FLOAT:[1, 128, 20, 20]
N095	L095	maxpool_001	/model.9/m_1/MaxPool	MaxPool	/model.9/m/MaxPool_output_0:FLOAT:[1, 128, 20, 20]	/model.9/m_1/MaxPool_output_0:FLOAT:[1, 128, 20, 20]
N096	L096	maxpool_002	/model.9/m_2/MaxPool	MaxPool	/model.9/m_1/MaxPool_output_0:FLOAT:[1, 128, 20, 20]	/model.9/m_2/MaxPool_output_0:FLOAT:[1, 128, 20, 20]
N097	L097	concat_004	/model.9/Concat	Concat	/model.9/cv1/act/Mul_output_0:FLOAT:[1, 128, 20, 20] | /model.9/m/MaxPool_output_0:FLOAT:[1, 128, 20, 20] | /model.9/m_1/MaxPool_output_0:FLOAT:[1, 128, 20, 20] | /model.9/m_2/MaxPool_output_0:FLOAT:[1, 128, 20, 20]	/model.9/Concat_output_0:FLOAT:[1, 512, 20, 20]
N098	L098	conv_028	/model.9/cv2/conv/Conv	Conv	/model.9/Concat_output_0:FLOAT:[1, 512, 20, 20] | model.9.cv2.conv.weight:FLOAT:[256, 512, 1, 1] | model.9.cv2.conv.bias:FLOAT:[256]	/model.9/cv2/conv/Conv_output_0:FLOAT:[1, 256, 20, 20]
N099	L099	sigmoid_026	/model.9/cv2/act/Sigmoid	Sigmoid	/model.9/cv2/conv/Conv_output_0:FLOAT:[1, 256, 20, 20]	/model.9/cv2/act/Sigmoid_output_0:FLOAT:[1, 256, 20, 20]
N100	L100	mul_026	/model.9/cv2/act/Mul	Mul	/model.9/cv2/conv/Conv_output_0:FLOAT:[1, 256, 20, 20] | /model.9/cv2/act/Sigmoid_output_0:FLOAT:[1, 256, 20, 20]	/model.9/cv2/act/Mul_output_0:FLOAT:[1, 256, 20, 20]
N101	L101	conv_029	/model.10/cv1/conv/Conv	Conv	/model.9/cv2/act/Mul_output_0:FLOAT:[1, 256, 20, 20] | model.10.cv1.conv.weight:FLOAT:[256, 256, 1, 1] | model.10.cv1.conv.bias:FLOAT:[256]	/model.10/cv1/conv/Conv_output_0:FLOAT:[1, 256, 20, 20]
N102	L102	sigmoid_027	/model.10/cv1/act/Sigmoid	Sigmoid	/model.10/cv1/conv/Conv_output_0:FLOAT:[1, 256, 20, 20]	/model.10/cv1/act/Sigmoid_output_0:FLOAT:[1, 256, 20, 20]
N103	L103	mul_027	/model.10/cv1/act/Mul	Mul	/model.10/cv1/conv/Conv_output_0:FLOAT:[1, 256, 20, 20] | /model.10/cv1/act/Sigmoid_output_0:FLOAT:[1, 256, 20, 20]	/model.10/cv1/act/Mul_output_0:FLOAT:[1, 256, 20, 20]
N104	L104	split_004	/model.10/Split	Split	/model.10/cv1/act/Mul_output_0:FLOAT:[1, 256, 20, 20] | onnx::Split_301:INT64:[2]	/model.10/Split_output_0:FLOAT:[1, 128, 20, 20] | /model.10/Split_output_1:FLOAT:[1, 128, 20, 20]
N105	L105	conv_030	/model.10/attn/qkv/conv/Conv	Conv	/model.10/Split_output_1:FLOAT:[1, 128, 20, 20] | model.10.attn.qkv.conv.weight:FLOAT:[256, 128, 1, 1] | model.10.attn.qkv.conv.bias:FLOAT:[256]	/model.10/attn/qkv/conv/Conv_output_0:FLOAT:[1, 256, 20, 20]
N106	L106	reshape_000	/model.10/attn/Reshape	Reshape	/model.10/attn/qkv/conv/Conv_output_0:FLOAT:[1, 256, 20, 20] | /model.10/attn/Constant_output_0:INT64:[4]	/model.10/attn/Reshape_output_0:FLOAT:[1, 2, 128, 400]
N107	L107	split_005	/model.10/attn/Split	Split	/model.10/attn/Reshape_output_0:FLOAT:[1, 2, 128, 400] | onnx::Split_347:INT64:[3]	/model.10/attn/Split_output_0:FLOAT:[1, 2, 32, 400] | /model.10/attn/Split_output_1:FLOAT:[1, 2, 32, 400] | /model.10/attn/Split_output_2:FLOAT:[1, 2, 64, 400]
N108	L108	transpose_000	/model.10/attn/Transpose	Transpose	/model.10/attn/Split_output_0:FLOAT:[1, 2, 32, 400]	/model.10/attn/Transpose_output_0:FLOAT:[1, 2, 400, 32]
N109	L109	matmul_000	/model.10/attn/MatMul	MatMul	/model.10/attn/Transpose_output_0:FLOAT:[1, 2, 400, 32] | /model.10/attn/Split_output_1:FLOAT:[1, 2, 32, 400]	/model.10/attn/MatMul_output_0:FLOAT:[1, 2, 400, 400]
N110	L110	mul_028	/model.10/attn/Mul	Mul	/model.10/attn/MatMul_output_0:FLOAT:[1, 2, 400, 400] | /model.10/attn/Constant_1_output_0:FLOAT:[]	/model.10/attn/Mul_output_0:FLOAT:[1, 2, 400, 400]
N111	L111	softmax_000	/model.10/attn/Softmax	Softmax	/model.10/attn/Mul_output_0:FLOAT:[1, 2, 400, 400]	/model.10/attn/Softmax_output_0:FLOAT:[1, 2, 400, 400]
N112	L112	transpose_001	/model.10/attn/Transpose_1	Transpose	/model.10/attn/Softmax_output_0:FLOAT:[1, 2, 400, 400]	/model.10/attn/Transpose_1_output_0:FLOAT:[1, 2, 400, 400]
N113	L113	matmul_001	/model.10/attn/MatMul_1	MatMul	/model.10/attn/Split_output_2:FLOAT:[1, 2, 64, 400] | /model.10/attn/Transpose_1_output_0:FLOAT:[1, 2, 400, 400]	/model.10/attn/MatMul_1_output_0:FLOAT:[1, 2, 64, 400]
N114	L114	reshape_001	/model.10/attn/Reshape_1	Reshape	/model.10/attn/MatMul_1_output_0:FLOAT:[1, 2, 64, 400] | /model.10/attn/Constant_2_output_0:INT64:[4]	/model.10/attn/Reshape_1_output_0:FLOAT:[1, 128, 20, 20]
N115	L115	reshape_002	/model.10/attn/Reshape_2	Reshape	/model.10/attn/Split_output_2:FLOAT:[1, 2, 64, 400] | /model.10/attn/Constant_2_output_0:INT64:[4]	/model.10/attn/Reshape_2_output_0:FLOAT:[1, 128, 20, 20]
N116	L116	conv_031	/model.10/attn/pe/conv/Conv	Conv	/model.10/attn/Reshape_2_output_0:FLOAT:[1, 128, 20, 20] | model.10.attn.pe.conv.weight:FLOAT:[128, 1, 3, 3] | model.10.attn.pe.conv.bias:FLOAT:[128]	/model.10/attn/pe/conv/Conv_output_0:FLOAT:[1, 128, 20, 20]
N117	L117	add_006	/model.10/attn/Add	Add	/model.10/attn/Reshape_1_output_0:FLOAT:[1, 128, 20, 20] | /model.10/attn/pe/conv/Conv_output_0:FLOAT:[1, 128, 20, 20]	/model.10/attn/Add_output_0:FLOAT:[1, 128, 20, 20]
N118	L118	conv_032	/model.10/attn/proj/conv/Conv	Conv	/model.10/attn/Add_output_0:FLOAT:[1, 128, 20, 20] | model.10.attn.proj.conv.weight:FLOAT:[128, 128, 1, 1] | model.10.attn.proj.conv.bias:FLOAT:[128]	/model.10/attn/proj/conv/Conv_output_0:FLOAT:[1, 128, 20, 20]
N119	L119	add_007	/model.10/Add	Add	/model.10/Split_output_1:FLOAT:[1, 128, 20, 20] | /model.10/attn/proj/conv/Conv_output_0:FLOAT:[1, 128, 20, 20]	/model.10/Add_output_0:FLOAT:[1, 128, 20, 20]
N120	L120	conv_033	/model.10/ffn/ffn.0/conv/Conv	Conv	/model.10/Add_output_0:FLOAT:[1, 128, 20, 20] | model.10.ffn.0.conv.weight:FLOAT:[256, 128, 1, 1] | model.10.ffn.0.conv.bias:FLOAT:[256]	/model.10/ffn/ffn.0/conv/Conv_output_0:FLOAT:[1, 256, 20, 20]
N121	L121	sigmoid_028	/model.10/ffn/ffn.0/act/Sigmoid	Sigmoid	/model.10/ffn/ffn.0/conv/Conv_output_0:FLOAT:[1, 256, 20, 20]	/model.10/ffn/ffn.0/act/Sigmoid_output_0:FLOAT:[1, 256, 20, 20]
N122	L122	mul_029	/model.10/ffn/ffn.0/act/Mul	Mul	/model.10/ffn/ffn.0/conv/Conv_output_0:FLOAT:[1, 256, 20, 20] | /model.10/ffn/ffn.0/act/Sigmoid_output_0:FLOAT:[1, 256, 20, 20]	/model.10/ffn/ffn.0/act/Mul_output_0:FLOAT:[1, 256, 20, 20]
N123	L123	conv_034	/model.10/ffn/ffn.1/conv/Conv	Conv	/model.10/ffn/ffn.0/act/Mul_output_0:FLOAT:[1, 256, 20, 20] | model.10.ffn.1.conv.weight:FLOAT:[128, 256, 1, 1] | model.10.ffn.1.conv.bias:FLOAT:[128]	/model.10/ffn/ffn.1/conv/Conv_output_0:FLOAT:[1, 128, 20, 20]
N124	L124	add_008	/model.10/Add_1	Add	/model.10/Add_output_0:FLOAT:[1, 128, 20, 20] | /model.10/ffn/ffn.1/conv/Conv_output_0:FLOAT:[1, 128, 20, 20]	/model.10/Add_1_output_0:FLOAT:[1, 128, 20, 20]
N125	L125	concat_005	/model.10/Concat	Concat	/model.10/Split_output_0:FLOAT:[1, 128, 20, 20] | /model.10/Add_1_output_0:FLOAT:[1, 128, 20, 20]	/model.10/Concat_output_0:FLOAT:[1, 256, 20, 20]
N126	L126	conv_035	/model.10/cv2/conv/Conv	Conv	/model.10/Concat_output_0:FLOAT:[1, 256, 20, 20] | model.10.cv2.conv.weight:FLOAT:[256, 256, 1, 1] | model.10.cv2.conv.bias:FLOAT:[256]	/model.10/cv2/conv/Conv_output_0:FLOAT:[1, 256, 20, 20]
N127	L127	sigmoid_029	/model.10/cv2/act/Sigmoid	Sigmoid	/model.10/cv2/conv/Conv_output_0:FLOAT:[1, 256, 20, 20]	/model.10/cv2/act/Sigmoid_output_0:FLOAT:[1, 256, 20, 20]
N128	L128	mul_030	/model.10/cv2/act/Mul	Mul	/model.10/cv2/conv/Conv_output_0:FLOAT:[1, 256, 20, 20] | /model.10/cv2/act/Sigmoid_output_0:FLOAT:[1, 256, 20, 20]	/model.10/cv2/act/Mul_output_0:FLOAT:[1, 256, 20, 20]
N129	L129	resize_000	/model.11/Resize	Resize	/model.10/cv2/act/Mul_output_0:FLOAT:[1, 256, 20, 20] | :None:None | /model.11/Constant_output_0:FLOAT:[4]	/model.11/Resize_output_0:FLOAT:[1, 256, 40, 40]
N130	L130	concat_006	/model.12/Concat	Concat	/model.11/Resize_output_0:FLOAT:[1, 256, 40, 40] | /model.6/cv2/act/Mul_output_0:FLOAT:[1, 128, 40, 40]	/model.12/Concat_output_0:FLOAT:[1, 384, 40, 40]
N131	L131	conv_036	/model.13/cv1/conv/Conv	Conv	/model.12/Concat_output_0:FLOAT:[1, 384, 40, 40] | model.13.cv1.conv.weight:FLOAT:[128, 384, 1, 1] | model.13.cv1.conv.bias:FLOAT:[128]	/model.13/cv1/conv/Conv_output_0:FLOAT:[1, 128, 40, 40]
N132	L132	sigmoid_030	/model.13/cv1/act/Sigmoid	Sigmoid	/model.13/cv1/conv/Conv_output_0:FLOAT:[1, 128, 40, 40]	/model.13/cv1/act/Sigmoid_output_0:FLOAT:[1, 128, 40, 40]
N133	L133	mul_031	/model.13/cv1/act/Mul	Mul	/model.13/cv1/conv/Conv_output_0:FLOAT:[1, 128, 40, 40] | /model.13/cv1/act/Sigmoid_output_0:FLOAT:[1, 128, 40, 40]	/model.13/cv1/act/Mul_output_0:FLOAT:[1, 128, 40, 40]
N134	L134	split_006	/model.13/Split	Split	/model.13/cv1/act/Mul_output_0:FLOAT:[1, 128, 40, 40] | onnx::Split_273:INT64:[2]	/model.13/Split_output_0:FLOAT:[1, 64, 40, 40] | /model.13/Split_output_1:FLOAT:[1, 64, 40, 40]
N135	L135	conv_037	/model.13/m.0/cv1/conv/Conv	Conv	/model.13/Split_output_1:FLOAT:[1, 64, 40, 40] | model.13.m.0.cv1.conv.weight:FLOAT:[64, 64, 3, 3] | model.13.m.0.cv1.conv.bias:FLOAT:[64]	/model.13/m.0/cv1/conv/Conv_output_0:FLOAT:[1, 64, 40, 40]
N136	L136	sigmoid_031	/model.13/m.0/cv1/act/Sigmoid	Sigmoid	/model.13/m.0/cv1/conv/Conv_output_0:FLOAT:[1, 64, 40, 40]	/model.13/m.0/cv1/act/Sigmoid_output_0:FLOAT:[1, 64, 40, 40]
N137	L137	mul_032	/model.13/m.0/cv1/act/Mul	Mul	/model.13/m.0/cv1/conv/Conv_output_0:FLOAT:[1, 64, 40, 40] | /model.13/m.0/cv1/act/Sigmoid_output_0:FLOAT:[1, 64, 40, 40]	/model.13/m.0/cv1/act/Mul_output_0:FLOAT:[1, 64, 40, 40]
N138	L138	conv_038	/model.13/m.0/cv2/conv/Conv	Conv	/model.13/m.0/cv1/act/Mul_output_0:FLOAT:[1, 64, 40, 40] | model.13.m.0.cv2.conv.weight:FLOAT:[64, 64, 3, 3] | model.13.m.0.cv2.conv.bias:FLOAT:[64]	/model.13/m.0/cv2/conv/Conv_output_0:FLOAT:[1, 64, 40, 40]
N139	L139	sigmoid_032	/model.13/m.0/cv2/act/Sigmoid	Sigmoid	/model.13/m.0/cv2/conv/Conv_output_0:FLOAT:[1, 64, 40, 40]	/model.13/m.0/cv2/act/Sigmoid_output_0:FLOAT:[1, 64, 40, 40]
N140	L140	mul_033	/model.13/m.0/cv2/act/Mul	Mul	/model.13/m.0/cv2/conv/Conv_output_0:FLOAT:[1, 64, 40, 40] | /model.13/m.0/cv2/act/Sigmoid_output_0:FLOAT:[1, 64, 40, 40]	/model.13/m.0/cv2/act/Mul_output_0:FLOAT:[1, 64, 40, 40]
N141	L141	concat_007	/model.13/Concat	Concat	/model.13/Split_output_0:FLOAT:[1, 64, 40, 40] | /model.13/Split_output_1:FLOAT:[1, 64, 40, 40] | /model.13/m.0/cv2/act/Mul_output_0:FLOAT:[1, 64, 40, 40]	/model.13/Concat_output_0:FLOAT:[1, 192, 40, 40]
N142	L142	conv_039	/model.13/cv2/conv/Conv	Conv	/model.13/Concat_output_0:FLOAT:[1, 192, 40, 40] | model.13.cv2.conv.weight:FLOAT:[128, 192, 1, 1] | model.13.cv2.conv.bias:FLOAT:[128]	/model.13/cv2/conv/Conv_output_0:FLOAT:[1, 128, 40, 40]
N143	L143	sigmoid_033	/model.13/cv2/act/Sigmoid	Sigmoid	/model.13/cv2/conv/Conv_output_0:FLOAT:[1, 128, 40, 40]	/model.13/cv2/act/Sigmoid_output_0:FLOAT:[1, 128, 40, 40]
N144	L144	mul_034	/model.13/cv2/act/Mul	Mul	/model.13/cv2/conv/Conv_output_0:FLOAT:[1, 128, 40, 40] | /model.13/cv2/act/Sigmoid_output_0:FLOAT:[1, 128, 40, 40]	/model.13/cv2/act/Mul_output_0:FLOAT:[1, 128, 40, 40]
N145	L145	resize_001	/model.14/Resize	Resize	/model.13/cv2/act/Mul_output_0:FLOAT:[1, 128, 40, 40] | :None:None | /model.11/Constant_output_0:FLOAT:[4]	/model.14/Resize_output_0:FLOAT:[1, 128, 80, 80]
N146	L146	concat_008	/model.15/Concat	Concat	/model.14/Resize_output_0:FLOAT:[1, 128, 80, 80] | /model.4/cv2/act/Mul_output_0:FLOAT:[1, 64, 80, 80]	/model.15/Concat_output_0:FLOAT:[1, 192, 80, 80]
N147	L147	conv_040	/model.16/cv1/conv/Conv	Conv	/model.15/Concat_output_0:FLOAT:[1, 192, 80, 80] | model.16.cv1.conv.weight:FLOAT:[64, 192, 1, 1] | model.16.cv1.conv.bias:FLOAT:[64]	/model.16/cv1/conv/Conv_output_0:FLOAT:[1, 64, 80, 80]
N148	L148	sigmoid_034	/model.16/cv1/act/Sigmoid	Sigmoid	/model.16/cv1/conv/Conv_output_0:FLOAT:[1, 64, 80, 80]	/model.16/cv1/act/Sigmoid_output_0:FLOAT:[1, 64, 80, 80]
N149	L149	mul_035	/model.16/cv1/act/Mul	Mul	/model.16/cv1/conv/Conv_output_0:FLOAT:[1, 64, 80, 80] | /model.16/cv1/act/Sigmoid_output_0:FLOAT:[1, 64, 80, 80]	/model.16/cv1/act/Mul_output_0:FLOAT:[1, 64, 80, 80]
N150	L150	split_007	/model.16/Split	Split	/model.16/cv1/act/Mul_output_0:FLOAT:[1, 64, 80, 80] | onnx::Split_245:INT64:[2]	/model.16/Split_output_0:FLOAT:[1, 32, 80, 80] | /model.16/Split_output_1:FLOAT:[1, 32, 80, 80]
N151	L151	conv_041	/model.16/m.0/cv1/conv/Conv	Conv	/model.16/Split_output_1:FLOAT:[1, 32, 80, 80] | model.16.m.0.cv1.conv.weight:FLOAT:[32, 32, 3, 3] | model.16.m.0.cv1.conv.bias:FLOAT:[32]	/model.16/m.0/cv1/conv/Conv_output_0:FLOAT:[1, 32, 80, 80]
N152	L152	sigmoid_035	/model.16/m.0/cv1/act/Sigmoid	Sigmoid	/model.16/m.0/cv1/conv/Conv_output_0:FLOAT:[1, 32, 80, 80]	/model.16/m.0/cv1/act/Sigmoid_output_0:FLOAT:[1, 32, 80, 80]
N153	L153	mul_036	/model.16/m.0/cv1/act/Mul	Mul	/model.16/m.0/cv1/conv/Conv_output_0:FLOAT:[1, 32, 80, 80] | /model.16/m.0/cv1/act/Sigmoid_output_0:FLOAT:[1, 32, 80, 80]	/model.16/m.0/cv1/act/Mul_output_0:FLOAT:[1, 32, 80, 80]
N154	L154	conv_042	/model.16/m.0/cv2/conv/Conv	Conv	/model.16/m.0/cv1/act/Mul_output_0:FLOAT:[1, 32, 80, 80] | model.16.m.0.cv2.conv.weight:FLOAT:[32, 32, 3, 3] | model.16.m.0.cv2.conv.bias:FLOAT:[32]	/model.16/m.0/cv2/conv/Conv_output_0:FLOAT:[1, 32, 80, 80]
N155	L155	sigmoid_036	/model.16/m.0/cv2/act/Sigmoid	Sigmoid	/model.16/m.0/cv2/conv/Conv_output_0:FLOAT:[1, 32, 80, 80]	/model.16/m.0/cv2/act/Sigmoid_output_0:FLOAT:[1, 32, 80, 80]
N156	L156	mul_037	/model.16/m.0/cv2/act/Mul	Mul	/model.16/m.0/cv2/conv/Conv_output_0:FLOAT:[1, 32, 80, 80] | /model.16/m.0/cv2/act/Sigmoid_output_0:FLOAT:[1, 32, 80, 80]	/model.16/m.0/cv2/act/Mul_output_0:FLOAT:[1, 32, 80, 80]
N157	L157	concat_009	/model.16/Concat	Concat	/model.16/Split_output_0:FLOAT:[1, 32, 80, 80] | /model.16/Split_output_1:FLOAT:[1, 32, 80, 80] | /model.16/m.0/cv2/act/Mul_output_0:FLOAT:[1, 32, 80, 80]	/model.16/Concat_output_0:FLOAT:[1, 96, 80, 80]
N158	L158	conv_043	/model.16/cv2/conv/Conv	Conv	/model.16/Concat_output_0:FLOAT:[1, 96, 80, 80] | model.16.cv2.conv.weight:FLOAT:[64, 96, 1, 1] | model.16.cv2.conv.bias:FLOAT:[64]	/model.16/cv2/conv/Conv_output_0:FLOAT:[1, 64, 80, 80]
N159	L159	sigmoid_037	/model.16/cv2/act/Sigmoid	Sigmoid	/model.16/cv2/conv/Conv_output_0:FLOAT:[1, 64, 80, 80]	/model.16/cv2/act/Sigmoid_output_0:FLOAT:[1, 64, 80, 80]
N160	L160	mul_038	/model.16/cv2/act/Mul	Mul	/model.16/cv2/conv/Conv_output_0:FLOAT:[1, 64, 80, 80] | /model.16/cv2/act/Sigmoid_output_0:FLOAT:[1, 64, 80, 80]	/model.16/cv2/act/Mul_output_0:FLOAT:[1, 64, 80, 80]
N161	L161	conv_044	/model.17/conv/Conv	Conv	/model.16/cv2/act/Mul_output_0:FLOAT:[1, 64, 80, 80] | model.17.conv.weight:FLOAT:[64, 64, 3, 3] | model.17.conv.bias:FLOAT:[64]	/model.17/conv/Conv_output_0:FLOAT:[1, 64, 40, 40]
N162	L162	sigmoid_038	/model.17/act/Sigmoid	Sigmoid	/model.17/conv/Conv_output_0:FLOAT:[1, 64, 40, 40]	/model.17/act/Sigmoid_output_0:FLOAT:[1, 64, 40, 40]
N163	L163	mul_039	/model.17/act/Mul	Mul	/model.17/conv/Conv_output_0:FLOAT:[1, 64, 40, 40] | /model.17/act/Sigmoid_output_0:FLOAT:[1, 64, 40, 40]	/model.17/act/Mul_output_0:FLOAT:[1, 64, 40, 40]
N164	L164	concat_010	/model.18/Concat	Concat	/model.17/act/Mul_output_0:FLOAT:[1, 64, 40, 40] | /model.13/cv2/act/Mul_output_0:FLOAT:[1, 128, 40, 40]	/model.18/Concat_output_0:FLOAT:[1, 192, 40, 40]
N165	L165	conv_045	/model.19/cv1/conv/Conv	Conv	/model.18/Concat_output_0:FLOAT:[1, 192, 40, 40] | model.19.cv1.conv.weight:FLOAT:[128, 192, 1, 1] | model.19.cv1.conv.bias:FLOAT:[128]	/model.19/cv1/conv/Conv_output_0:FLOAT:[1, 128, 40, 40]
N166	L166	sigmoid_039	/model.19/cv1/act/Sigmoid	Sigmoid	/model.19/cv1/conv/Conv_output_0:FLOAT:[1, 128, 40, 40]	/model.19/cv1/act/Sigmoid_output_0:FLOAT:[1, 128, 40, 40]
N167	L167	mul_040	/model.19/cv1/act/Mul	Mul	/model.19/cv1/conv/Conv_output_0:FLOAT:[1, 128, 40, 40] | /model.19/cv1/act/Sigmoid_output_0:FLOAT:[1, 128, 40, 40]	/model.19/cv1/act/Mul_output_0:FLOAT:[1, 128, 40, 40]
N168	L168	split_008	/model.19/Split	Split	/model.19/cv1/act/Mul_output_0:FLOAT:[1, 128, 40, 40] | onnx::Split_273:INT64:[2]	/model.19/Split_output_0:FLOAT:[1, 64, 40, 40] | /model.19/Split_output_1:FLOAT:[1, 64, 40, 40]
N169	L169	conv_046	/model.19/m.0/cv1/conv/Conv	Conv	/model.19/Split_output_1:FLOAT:[1, 64, 40, 40] | model.19.m.0.cv1.conv.weight:FLOAT:[64, 64, 3, 3] | model.19.m.0.cv1.conv.bias:FLOAT:[64]	/model.19/m.0/cv1/conv/Conv_output_0:FLOAT:[1, 64, 40, 40]
N170	L170	sigmoid_040	/model.19/m.0/cv1/act/Sigmoid	Sigmoid	/model.19/m.0/cv1/conv/Conv_output_0:FLOAT:[1, 64, 40, 40]	/model.19/m.0/cv1/act/Sigmoid_output_0:FLOAT:[1, 64, 40, 40]
N171	L171	mul_041	/model.19/m.0/cv1/act/Mul	Mul	/model.19/m.0/cv1/conv/Conv_output_0:FLOAT:[1, 64, 40, 40] | /model.19/m.0/cv1/act/Sigmoid_output_0:FLOAT:[1, 64, 40, 40]	/model.19/m.0/cv1/act/Mul_output_0:FLOAT:[1, 64, 40, 40]
N172	L172	conv_047	/model.19/m.0/cv2/conv/Conv	Conv	/model.19/m.0/cv1/act/Mul_output_0:FLOAT:[1, 64, 40, 40] | model.19.m.0.cv2.conv.weight:FLOAT:[64, 64, 3, 3] | model.19.m.0.cv2.conv.bias:FLOAT:[64]	/model.19/m.0/cv2/conv/Conv_output_0:FLOAT:[1, 64, 40, 40]
N173	L173	sigmoid_041	/model.19/m.0/cv2/act/Sigmoid	Sigmoid	/model.19/m.0/cv2/conv/Conv_output_0:FLOAT:[1, 64, 40, 40]	/model.19/m.0/cv2/act/Sigmoid_output_0:FLOAT:[1, 64, 40, 40]
N174	L174	mul_042	/model.19/m.0/cv2/act/Mul	Mul	/model.19/m.0/cv2/conv/Conv_output_0:FLOAT:[1, 64, 40, 40] | /model.19/m.0/cv2/act/Sigmoid_output_0:FLOAT:[1, 64, 40, 40]	/model.19/m.0/cv2/act/Mul_output_0:FLOAT:[1, 64, 40, 40]
N175	L175	concat_011	/model.19/Concat	Concat	/model.19/Split_output_0:FLOAT:[1, 64, 40, 40] | /model.19/Split_output_1:FLOAT:[1, 64, 40, 40] | /model.19/m.0/cv2/act/Mul_output_0:FLOAT:[1, 64, 40, 40]	/model.19/Concat_output_0:FLOAT:[1, 192, 40, 40]
N176	L176	conv_048	/model.19/cv2/conv/Conv	Conv	/model.19/Concat_output_0:FLOAT:[1, 192, 40, 40] | model.19.cv2.conv.weight:FLOAT:[128, 192, 1, 1] | model.19.cv2.conv.bias:FLOAT:[128]	/model.19/cv2/conv/Conv_output_0:FLOAT:[1, 128, 40, 40]
N177	L177	sigmoid_042	/model.19/cv2/act/Sigmoid	Sigmoid	/model.19/cv2/conv/Conv_output_0:FLOAT:[1, 128, 40, 40]	/model.19/cv2/act/Sigmoid_output_0:FLOAT:[1, 128, 40, 40]
N178	L178	mul_043	/model.19/cv2/act/Mul	Mul	/model.19/cv2/conv/Conv_output_0:FLOAT:[1, 128, 40, 40] | /model.19/cv2/act/Sigmoid_output_0:FLOAT:[1, 128, 40, 40]	/model.19/cv2/act/Mul_output_0:FLOAT:[1, 128, 40, 40]
N179	L179	conv_049	/model.20/cv1/conv/Conv	Conv	/model.19/cv2/act/Mul_output_0:FLOAT:[1, 128, 40, 40] | model.20.cv1.conv.weight:FLOAT:[128, 128, 1, 1] | model.20.cv1.conv.bias:FLOAT:[128]	/model.20/cv1/conv/Conv_output_0:FLOAT:[1, 128, 40, 40]
N180	L180	sigmoid_043	/model.20/cv1/act/Sigmoid	Sigmoid	/model.20/cv1/conv/Conv_output_0:FLOAT:[1, 128, 40, 40]	/model.20/cv1/act/Sigmoid_output_0:FLOAT:[1, 128, 40, 40]
N181	L181	mul_044	/model.20/cv1/act/Mul	Mul	/model.20/cv1/conv/Conv_output_0:FLOAT:[1, 128, 40, 40] | /model.20/cv1/act/Sigmoid_output_0:FLOAT:[1, 128, 40, 40]	/model.20/cv1/act/Mul_output_0:FLOAT:[1, 128, 40, 40]
N182	L182	conv_050	/model.20/cv2/conv/Conv	Conv	/model.20/cv1/act/Mul_output_0:FLOAT:[1, 128, 40, 40] | model.20.cv2.conv.weight:FLOAT:[128, 1, 3, 3] | model.20.cv2.conv.bias:FLOAT:[128]	/model.20/cv2/conv/Conv_output_0:FLOAT:[1, 128, 20, 20]
N183	L183	concat_012	/model.21/Concat	Concat	/model.20/cv2/conv/Conv_output_0:FLOAT:[1, 128, 20, 20] | /model.10/cv2/act/Mul_output_0:FLOAT:[1, 256, 20, 20]	/model.21/Concat_output_0:FLOAT:[1, 384, 20, 20]
N184	L184	conv_051	/model.22/cv1/conv/Conv	Conv	/model.21/Concat_output_0:FLOAT:[1, 384, 20, 20] | model.22.cv1.conv.weight:FLOAT:[256, 384, 1, 1] | model.22.cv1.conv.bias:FLOAT:[256]	/model.22/cv1/conv/Conv_output_0:FLOAT:[1, 256, 20, 20]
N185	L185	sigmoid_044	/model.22/cv1/act/Sigmoid	Sigmoid	/model.22/cv1/conv/Conv_output_0:FLOAT:[1, 256, 20, 20]	/model.22/cv1/act/Sigmoid_output_0:FLOAT:[1, 256, 20, 20]
N186	L186	mul_045	/model.22/cv1/act/Mul	Mul	/model.22/cv1/conv/Conv_output_0:FLOAT:[1, 256, 20, 20] | /model.22/cv1/act/Sigmoid_output_0:FLOAT:[1, 256, 20, 20]	/model.22/cv1/act/Mul_output_0:FLOAT:[1, 256, 20, 20]
N187	L187	split_009	/model.22/Split	Split	/model.22/cv1/act/Mul_output_0:FLOAT:[1, 256, 20, 20] | onnx::Split_301:INT64:[2]	/model.22/Split_output_0:FLOAT:[1, 128, 20, 20] | /model.22/Split_output_1:FLOAT:[1, 128, 20, 20]
N188	L188	conv_052	/model.22/m.0/cv1/cv1.0/conv/Conv	Conv	/model.22/Split_output_1:FLOAT:[1, 128, 20, 20] | model.22.m.0.cv1.0.conv.weight:FLOAT:[128, 1, 3, 3] | model.22.m.0.cv1.0.conv.bias:FLOAT:[128]	/model.22/m.0/cv1/cv1.0/conv/Conv_output_0:FLOAT:[1, 128, 20, 20]
N189	L189	sigmoid_045	/model.22/m.0/cv1/cv1.0/act/Sigmoid	Sigmoid	/model.22/m.0/cv1/cv1.0/conv/Conv_output_0:FLOAT:[1, 128, 20, 20]	/model.22/m.0/cv1/cv1.0/act/Sigmoid_output_0:FLOAT:[1, 128, 20, 20]
N190	L190	mul_046	/model.22/m.0/cv1/cv1.0/act/Mul	Mul	/model.22/m.0/cv1/cv1.0/conv/Conv_output_0:FLOAT:[1, 128, 20, 20] | /model.22/m.0/cv1/cv1.0/act/Sigmoid_output_0:FLOAT:[1, 128, 20, 20]	/model.22/m.0/cv1/cv1.0/act/Mul_output_0:FLOAT:[1, 128, 20, 20]
N191	L191	conv_053	/model.22/m.0/cv1/cv1.1/conv/Conv	Conv	/model.22/m.0/cv1/cv1.0/act/Mul_output_0:FLOAT:[1, 128, 20, 20] | model.22.m.0.cv1.1.conv.weight:FLOAT:[256, 128, 1, 1] | model.22.m.0.cv1.1.conv.bias:FLOAT:[256]	/model.22/m.0/cv1/cv1.1/conv/Conv_output_0:FLOAT:[1, 256, 20, 20]
N192	L192	sigmoid_046	/model.22/m.0/cv1/cv1.1/act/Sigmoid	Sigmoid	/model.22/m.0/cv1/cv1.1/conv/Conv_output_0:FLOAT:[1, 256, 20, 20]	/model.22/m.0/cv1/cv1.1/act/Sigmoid_output_0:FLOAT:[1, 256, 20, 20]
N193	L193	mul_047	/model.22/m.0/cv1/cv1.1/act/Mul	Mul	/model.22/m.0/cv1/cv1.1/conv/Conv_output_0:FLOAT:[1, 256, 20, 20] | /model.22/m.0/cv1/cv1.1/act/Sigmoid_output_0:FLOAT:[1, 256, 20, 20]	/model.22/m.0/cv1/cv1.1/act/Mul_output_0:FLOAT:[1, 256, 20, 20]
N194	L194	conv_054	/model.22/m.0/cv1/cv1.2/conv/Conv	Conv	/model.22/m.0/cv1/cv1.1/act/Mul_output_0:FLOAT:[1, 256, 20, 20] | model.22.m.0.cv1.2.conv.weight:FLOAT:[256, 1, 7, 7] | model.22.m.0.cv1.2.conv.bias:FLOAT:[256]	/model.22/m.0/cv1/cv1.2/conv/Conv_output_0:FLOAT:[1, 256, 20, 20]
N195	L195	sigmoid_047	/model.22/m.0/cv1/cv1.2/act/Sigmoid	Sigmoid	/model.22/m.0/cv1/cv1.2/conv/Conv_output_0:FLOAT:[1, 256, 20, 20]	/model.22/m.0/cv1/cv1.2/act/Sigmoid_output_0:FLOAT:[1, 256, 20, 20]
N196	L196	mul_048	/model.22/m.0/cv1/cv1.2/act/Mul	Mul	/model.22/m.0/cv1/cv1.2/conv/Conv_output_0:FLOAT:[1, 256, 20, 20] | /model.22/m.0/cv1/cv1.2/act/Sigmoid_output_0:FLOAT:[1, 256, 20, 20]	/model.22/m.0/cv1/cv1.2/act/Mul_output_0:FLOAT:[1, 256, 20, 20]
N197	L197	conv_055	/model.22/m.0/cv1/cv1.3/conv/Conv	Conv	/model.22/m.0/cv1/cv1.2/act/Mul_output_0:FLOAT:[1, 256, 20, 20] | model.22.m.0.cv1.3.conv.weight:FLOAT:[128, 256, 1, 1] | model.22.m.0.cv1.3.conv.bias:FLOAT:[128]	/model.22/m.0/cv1/cv1.3/conv/Conv_output_0:FLOAT:[1, 128, 20, 20]
N198	L198	sigmoid_048	/model.22/m.0/cv1/cv1.3/act/Sigmoid	Sigmoid	/model.22/m.0/cv1/cv1.3/conv/Conv_output_0:FLOAT:[1, 128, 20, 20]	/model.22/m.0/cv1/cv1.3/act/Sigmoid_output_0:FLOAT:[1, 128, 20, 20]
N199	L199	mul_049	/model.22/m.0/cv1/cv1.3/act/Mul	Mul	/model.22/m.0/cv1/cv1.3/conv/Conv_output_0:FLOAT:[1, 128, 20, 20] | /model.22/m.0/cv1/cv1.3/act/Sigmoid_output_0:FLOAT:[1, 128, 20, 20]	/model.22/m.0/cv1/cv1.3/act/Mul_output_0:FLOAT:[1, 128, 20, 20]
N200	L200	conv_056	/model.22/m.0/cv1/cv1.4/conv/Conv	Conv	/model.22/m.0/cv1/cv1.3/act/Mul_output_0:FLOAT:[1, 128, 20, 20] | model.22.m.0.cv1.4.conv.weight:FLOAT:[128, 1, 3, 3] | model.22.m.0.cv1.4.conv.bias:FLOAT:[128]	/model.22/m.0/cv1/cv1.4/conv/Conv_output_0:FLOAT:[1, 128, 20, 20]
N201	L201	sigmoid_049	/model.22/m.0/cv1/cv1.4/act/Sigmoid	Sigmoid	/model.22/m.0/cv1/cv1.4/conv/Conv_output_0:FLOAT:[1, 128, 20, 20]	/model.22/m.0/cv1/cv1.4/act/Sigmoid_output_0:FLOAT:[1, 128, 20, 20]
N202	L202	mul_050	/model.22/m.0/cv1/cv1.4/act/Mul	Mul	/model.22/m.0/cv1/cv1.4/conv/Conv_output_0:FLOAT:[1, 128, 20, 20] | /model.22/m.0/cv1/cv1.4/act/Sigmoid_output_0:FLOAT:[1, 128, 20, 20]	/model.22/m.0/cv1/cv1.4/act/Mul_output_0:FLOAT:[1, 128, 20, 20]
N203	L203	add_009	/model.22/m.0/Add	Add	/model.22/Split_output_1:FLOAT:[1, 128, 20, 20] | /model.22/m.0/cv1/cv1.4/act/Mul_output_0:FLOAT:[1, 128, 20, 20]	/model.22/m.0/Add_output_0:FLOAT:[1, 128, 20, 20]
N204	L204	concat_013	/model.22/Concat	Concat	/model.22/Split_output_0:FLOAT:[1, 128, 20, 20] | /model.22/Split_output_1:FLOAT:[1, 128, 20, 20] | /model.22/m.0/Add_output_0:FLOAT:[1, 128, 20, 20]	/model.22/Concat_output_0:FLOAT:[1, 384, 20, 20]
N205	L205	conv_057	/model.22/cv2/conv/Conv	Conv	/model.22/Concat_output_0:FLOAT:[1, 384, 20, 20] | model.22.cv2.conv.weight:FLOAT:[256, 384, 1, 1] | model.22.cv2.conv.bias:FLOAT:[256]	/model.22/cv2/conv/Conv_output_0:FLOAT:[1, 256, 20, 20]
N206	L206	sigmoid_050	/model.22/cv2/act/Sigmoid	Sigmoid	/model.22/cv2/conv/Conv_output_0:FLOAT:[1, 256, 20, 20]	/model.22/cv2/act/Sigmoid_output_0:FLOAT:[1, 256, 20, 20]
N207	L207	mul_051	/model.22/cv2/act/Mul	Mul	/model.22/cv2/conv/Conv_output_0:FLOAT:[1, 256, 20, 20] | /model.22/cv2/act/Sigmoid_output_0:FLOAT:[1, 256, 20, 20]	/model.22/cv2/act/Mul_output_0:FLOAT:[1, 256, 20, 20]
N208	L208	conv_058	/model.23/one2one_cv2.0/one2one_cv2.0.0/conv/Conv	Conv	/model.16/cv2/act/Mul_output_0:FLOAT:[1, 64, 80, 80] | model.23.one2one_cv2.0.0.conv.weight:FLOAT:[64, 64, 3, 3] | model.23.one2one_cv2.0.0.conv.bias:FLOAT:[64]	/model.23/one2one_cv2.0/one2one_cv2.0.0/conv/Conv_output_0:FLOAT:[1, 64, 80, 80]
N209	L209	sigmoid_051	/model.23/one2one_cv2.0/one2one_cv2.0.0/act/Sigmoid	Sigmoid	/model.23/one2one_cv2.0/one2one_cv2.0.0/conv/Conv_output_0:FLOAT:[1, 64, 80, 80]	/model.23/one2one_cv2.0/one2one_cv2.0.0/act/Sigmoid_output_0:FLOAT:[1, 64, 80, 80]
N210	L210	mul_052	/model.23/one2one_cv2.0/one2one_cv2.0.0/act/Mul	Mul	/model.23/one2one_cv2.0/one2one_cv2.0.0/conv/Conv_output_0:FLOAT:[1, 64, 80, 80] | /model.23/one2one_cv2.0/one2one_cv2.0.0/act/Sigmoid_output_0:FLOAT:[1, 64, 80, 80]	/model.23/one2one_cv2.0/one2one_cv2.0.0/act/Mul_output_0:FLOAT:[1, 64, 80, 80]
N211	L211	conv_059	/model.23/one2one_cv2.0/one2one_cv2.0.1/conv/Conv	Conv	/model.23/one2one_cv2.0/one2one_cv2.0.0/act/Mul_output_0:FLOAT:[1, 64, 80, 80] | model.23.one2one_cv2.0.1.conv.weight:FLOAT:[64, 64, 3, 3] | model.23.one2one_cv2.0.1.conv.bias:FLOAT:[64]	/model.23/one2one_cv2.0/one2one_cv2.0.1/conv/Conv_output_0:FLOAT:[1, 64, 80, 80]
N212	L212	sigmoid_052	/model.23/one2one_cv2.0/one2one_cv2.0.1/act/Sigmoid	Sigmoid	/model.23/one2one_cv2.0/one2one_cv2.0.1/conv/Conv_output_0:FLOAT:[1, 64, 80, 80]	/model.23/one2one_cv2.0/one2one_cv2.0.1/act/Sigmoid_output_0:FLOAT:[1, 64, 80, 80]
N213	L213	mul_053	/model.23/one2one_cv2.0/one2one_cv2.0.1/act/Mul	Mul	/model.23/one2one_cv2.0/one2one_cv2.0.1/conv/Conv_output_0:FLOAT:[1, 64, 80, 80] | /model.23/one2one_cv2.0/one2one_cv2.0.1/act/Sigmoid_output_0:FLOAT:[1, 64, 80, 80]	/model.23/one2one_cv2.0/one2one_cv2.0.1/act/Mul_output_0:FLOAT:[1, 64, 80, 80]
N214	L214	conv_060	/model.23/one2one_cv2.0/one2one_cv2.0.2/Conv	Conv	/model.23/one2one_cv2.0/one2one_cv2.0.1/act/Mul_output_0:FLOAT:[1, 64, 80, 80] | model.23.one2one_cv2.0.2.weight:FLOAT:[64, 64, 1, 1] | model.23.one2one_cv2.0.2.bias:FLOAT:[64]	/model.23/one2one_cv2.0/one2one_cv2.0.2/Conv_output_0:FLOAT:[1, 64, 80, 80]
N215	L215	conv_061	/model.23/one2one_cv3.0/one2one_cv3.0.0/one2one_cv3.0.0.0/conv/Conv	Conv	/model.16/cv2/act/Mul_output_0:FLOAT:[1, 64, 80, 80] | model.23.one2one_cv3.0.0.0.conv.weight:FLOAT:[64, 1, 3, 3] | model.23.one2one_cv3.0.0.0.conv.bias:FLOAT:[64]	/model.23/one2one_cv3.0/one2one_cv3.0.0/one2one_cv3.0.0.0/conv/Conv_output_0:FLOAT:[1, 64, 80, 80]
N216	L216	sigmoid_053	/model.23/one2one_cv3.0/one2one_cv3.0.0/one2one_cv3.0.0.0/act/Sigmoid	Sigmoid	/model.23/one2one_cv3.0/one2one_cv3.0.0/one2one_cv3.0.0.0/conv/Conv_output_0:FLOAT:[1, 64, 80, 80]	/model.23/one2one_cv3.0/one2one_cv3.0.0/one2one_cv3.0.0.0/act/Sigmoid_output_0:FLOAT:[1, 64, 80, 80]
N217	L217	mul_054	/model.23/one2one_cv3.0/one2one_cv3.0.0/one2one_cv3.0.0.0/act/Mul	Mul	/model.23/one2one_cv3.0/one2one_cv3.0.0/one2one_cv3.0.0.0/conv/Conv_output_0:FLOAT:[1, 64, 80, 80] | /model.23/one2one_cv3.0/one2one_cv3.0.0/one2one_cv3.0.0.0/act/Sigmoid_output_0:FLOAT:[1, 64, 80, 80]	/model.23/one2one_cv3.0/one2one_cv3.0.0/one2one_cv3.0.0.0/act/Mul_output_0:FLOAT:[1, 64, 80, 80]
N218	L218	conv_062	/model.23/one2one_cv3.0/one2one_cv3.0.0/one2one_cv3.0.0.1/conv/Conv	Conv	/model.23/one2one_cv3.0/one2one_cv3.0.0/one2one_cv3.0.0.0/act/Mul_output_0:FLOAT:[1, 64, 80, 80] | model.23.one2one_cv3.0.0.1.conv.weight:FLOAT:[80, 64, 1, 1] | model.23.one2one_cv3.0.0.1.conv.bias:FLOAT:[80]	/model.23/one2one_cv3.0/one2one_cv3.0.0/one2one_cv3.0.0.1/conv/Conv_output_0:FLOAT:[1, 80, 80, 80]
N219	L219	sigmoid_054	/model.23/one2one_cv3.0/one2one_cv3.0.0/one2one_cv3.0.0.1/act/Sigmoid	Sigmoid	/model.23/one2one_cv3.0/one2one_cv3.0.0/one2one_cv3.0.0.1/conv/Conv_output_0:FLOAT:[1, 80, 80, 80]	/model.23/one2one_cv3.0/one2one_cv3.0.0/one2one_cv3.0.0.1/act/Sigmoid_output_0:FLOAT:[1, 80, 80, 80]
N220	L220	mul_055	/model.23/one2one_cv3.0/one2one_cv3.0.0/one2one_cv3.0.0.1/act/Mul	Mul	/model.23/one2one_cv3.0/one2one_cv3.0.0/one2one_cv3.0.0.1/conv/Conv_output_0:FLOAT:[1, 80, 80, 80] | /model.23/one2one_cv3.0/one2one_cv3.0.0/one2one_cv3.0.0.1/act/Sigmoid_output_0:FLOAT:[1, 80, 80, 80]	/model.23/one2one_cv3.0/one2one_cv3.0.0/one2one_cv3.0.0.1/act/Mul_output_0:FLOAT:[1, 80, 80, 80]
N221	L221	conv_063	/model.23/one2one_cv3.0/one2one_cv3.0.1/one2one_cv3.0.1.0/conv/Conv	Conv	/model.23/one2one_cv3.0/one2one_cv3.0.0/one2one_cv3.0.0.1/act/Mul_output_0:FLOAT:[1, 80, 80, 80] | model.23.one2one_cv3.0.1.0.conv.weight:FLOAT:[80, 1, 3, 3] | model.23.one2one_cv3.0.1.0.conv.bias:FLOAT:[80]	/model.23/one2one_cv3.0/one2one_cv3.0.1/one2one_cv3.0.1.0/conv/Conv_output_0:FLOAT:[1, 80, 80, 80]
N222	L222	sigmoid_055	/model.23/one2one_cv3.0/one2one_cv3.0.1/one2one_cv3.0.1.0/act/Sigmoid	Sigmoid	/model.23/one2one_cv3.0/one2one_cv3.0.1/one2one_cv3.0.1.0/conv/Conv_output_0:FLOAT:[1, 80, 80, 80]	/model.23/one2one_cv3.0/one2one_cv3.0.1/one2one_cv3.0.1.0/act/Sigmoid_output_0:FLOAT:[1, 80, 80, 80]
N223	L223	mul_056	/model.23/one2one_cv3.0/one2one_cv3.0.1/one2one_cv3.0.1.0/act/Mul	Mul	/model.23/one2one_cv3.0/one2one_cv3.0.1/one2one_cv3.0.1.0/conv/Conv_output_0:FLOAT:[1, 80, 80, 80] | /model.23/one2one_cv3.0/one2one_cv3.0.1/one2one_cv3.0.1.0/act/Sigmoid_output_0:FLOAT:[1, 80, 80, 80]	/model.23/one2one_cv3.0/one2one_cv3.0.1/one2one_cv3.0.1.0/act/Mul_output_0:FLOAT:[1, 80, 80, 80]
N224	L224	conv_064	/model.23/one2one_cv3.0/one2one_cv3.0.1/one2one_cv3.0.1.1/conv/Conv	Conv	/model.23/one2one_cv3.0/one2one_cv3.0.1/one2one_cv3.0.1.0/act/Mul_output_0:FLOAT:[1, 80, 80, 80] | model.23.one2one_cv3.0.1.1.conv.weight:FLOAT:[80, 80, 1, 1] | model.23.one2one_cv3.0.1.1.conv.bias:FLOAT:[80]	/model.23/one2one_cv3.0/one2one_cv3.0.1/one2one_cv3.0.1.1/conv/Conv_output_0:FLOAT:[1, 80, 80, 80]
N225	L225	sigmoid_056	/model.23/one2one_cv3.0/one2one_cv3.0.1/one2one_cv3.0.1.1/act/Sigmoid	Sigmoid	/model.23/one2one_cv3.0/one2one_cv3.0.1/one2one_cv3.0.1.1/conv/Conv_output_0:FLOAT:[1, 80, 80, 80]	/model.23/one2one_cv3.0/one2one_cv3.0.1/one2one_cv3.0.1.1/act/Sigmoid_output_0:FLOAT:[1, 80, 80, 80]
N226	L226	mul_057	/model.23/one2one_cv3.0/one2one_cv3.0.1/one2one_cv3.0.1.1/act/Mul	Mul	/model.23/one2one_cv3.0/one2one_cv3.0.1/one2one_cv3.0.1.1/conv/Conv_output_0:FLOAT:[1, 80, 80, 80] | /model.23/one2one_cv3.0/one2one_cv3.0.1/one2one_cv3.0.1.1/act/Sigmoid_output_0:FLOAT:[1, 80, 80, 80]	/model.23/one2one_cv3.0/one2one_cv3.0.1/one2one_cv3.0.1.1/act/Mul_output_0:FLOAT:[1, 80, 80, 80]
N227	L227	conv_065	/model.23/one2one_cv3.0/one2one_cv3.0.2/Conv	Conv	/model.23/one2one_cv3.0/one2one_cv3.0.1/one2one_cv3.0.1.1/act/Mul_output_0:FLOAT:[1, 80, 80, 80] | model.23.one2one_cv3.0.2.weight:FLOAT:[80, 80, 1, 1] | model.23.one2one_cv3.0.2.bias:FLOAT:[80]	/model.23/one2one_cv3.0/one2one_cv3.0.2/Conv_output_0:FLOAT:[1, 80, 80, 80]
N228	L228	concat_014	/model.23/Concat	Concat	/model.23/one2one_cv2.0/one2one_cv2.0.2/Conv_output_0:FLOAT:[1, 64, 80, 80] | /model.23/one2one_cv3.0/one2one_cv3.0.2/Conv_output_0:FLOAT:[1, 80, 80, 80]	/model.23/Concat_output_0:FLOAT:[1, 144, 80, 80]
N229	L229	conv_066	/model.23/one2one_cv2.1/one2one_cv2.1.0/conv/Conv	Conv	/model.19/cv2/act/Mul_output_0:FLOAT:[1, 128, 40, 40] | model.23.one2one_cv2.1.0.conv.weight:FLOAT:[64, 128, 3, 3] | model.23.one2one_cv2.1.0.conv.bias:FLOAT:[64]	/model.23/one2one_cv2.1/one2one_cv2.1.0/conv/Conv_output_0:FLOAT:[1, 64, 40, 40]
N230	L230	sigmoid_057	/model.23/one2one_cv2.1/one2one_cv2.1.0/act/Sigmoid	Sigmoid	/model.23/one2one_cv2.1/one2one_cv2.1.0/conv/Conv_output_0:FLOAT:[1, 64, 40, 40]	/model.23/one2one_cv2.1/one2one_cv2.1.0/act/Sigmoid_output_0:FLOAT:[1, 64, 40, 40]
N231	L231	mul_058	/model.23/one2one_cv2.1/one2one_cv2.1.0/act/Mul	Mul	/model.23/one2one_cv2.1/one2one_cv2.1.0/conv/Conv_output_0:FLOAT:[1, 64, 40, 40] | /model.23/one2one_cv2.1/one2one_cv2.1.0/act/Sigmoid_output_0:FLOAT:[1, 64, 40, 40]	/model.23/one2one_cv2.1/one2one_cv2.1.0/act/Mul_output_0:FLOAT:[1, 64, 40, 40]
N232	L232	conv_067	/model.23/one2one_cv2.1/one2one_cv2.1.1/conv/Conv	Conv	/model.23/one2one_cv2.1/one2one_cv2.1.0/act/Mul_output_0:FLOAT:[1, 64, 40, 40] | model.23.one2one_cv2.1.1.conv.weight:FLOAT:[64, 64, 3, 3] | model.23.one2one_cv2.1.1.conv.bias:FLOAT:[64]	/model.23/one2one_cv2.1/one2one_cv2.1.1/conv/Conv_output_0:FLOAT:[1, 64, 40, 40]
N233	L233	sigmoid_058	/model.23/one2one_cv2.1/one2one_cv2.1.1/act/Sigmoid	Sigmoid	/model.23/one2one_cv2.1/one2one_cv2.1.1/conv/Conv_output_0:FLOAT:[1, 64, 40, 40]	/model.23/one2one_cv2.1/one2one_cv2.1.1/act/Sigmoid_output_0:FLOAT:[1, 64, 40, 40]
N234	L234	mul_059	/model.23/one2one_cv2.1/one2one_cv2.1.1/act/Mul	Mul	/model.23/one2one_cv2.1/one2one_cv2.1.1/conv/Conv_output_0:FLOAT:[1, 64, 40, 40] | /model.23/one2one_cv2.1/one2one_cv2.1.1/act/Sigmoid_output_0:FLOAT:[1, 64, 40, 40]	/model.23/one2one_cv2.1/one2one_cv2.1.1/act/Mul_output_0:FLOAT:[1, 64, 40, 40]
N235	L235	conv_068	/model.23/one2one_cv2.1/one2one_cv2.1.2/Conv	Conv	/model.23/one2one_cv2.1/one2one_cv2.1.1/act/Mul_output_0:FLOAT:[1, 64, 40, 40] | model.23.one2one_cv2.1.2.weight:FLOAT:[64, 64, 1, 1] | model.23.one2one_cv2.1.2.bias:FLOAT:[64]	/model.23/one2one_cv2.1/one2one_cv2.1.2/Conv_output_0:FLOAT:[1, 64, 40, 40]
N236	L236	conv_069	/model.23/one2one_cv3.1/one2one_cv3.1.0/one2one_cv3.1.0.0/conv/Conv	Conv	/model.19/cv2/act/Mul_output_0:FLOAT:[1, 128, 40, 40] | model.23.one2one_cv3.1.0.0.conv.weight:FLOAT:[128, 1, 3, 3] | model.23.one2one_cv3.1.0.0.conv.bias:FLOAT:[128]	/model.23/one2one_cv3.1/one2one_cv3.1.0/one2one_cv3.1.0.0/conv/Conv_output_0:FLOAT:[1, 128, 40, 40]
N237	L237	sigmoid_059	/model.23/one2one_cv3.1/one2one_cv3.1.0/one2one_cv3.1.0.0/act/Sigmoid	Sigmoid	/model.23/one2one_cv3.1/one2one_cv3.1.0/one2one_cv3.1.0.0/conv/Conv_output_0:FLOAT:[1, 128, 40, 40]	/model.23/one2one_cv3.1/one2one_cv3.1.0/one2one_cv3.1.0.0/act/Sigmoid_output_0:FLOAT:[1, 128, 40, 40]
N238	L238	mul_060	/model.23/one2one_cv3.1/one2one_cv3.1.0/one2one_cv3.1.0.0/act/Mul	Mul	/model.23/one2one_cv3.1/one2one_cv3.1.0/one2one_cv3.1.0.0/conv/Conv_output_0:FLOAT:[1, 128, 40, 40] | /model.23/one2one_cv3.1/one2one_cv3.1.0/one2one_cv3.1.0.0/act/Sigmoid_output_0:FLOAT:[1, 128, 40, 40]	/model.23/one2one_cv3.1/one2one_cv3.1.0/one2one_cv3.1.0.0/act/Mul_output_0:FLOAT:[1, 128, 40, 40]
N239	L239	conv_070	/model.23/one2one_cv3.1/one2one_cv3.1.0/one2one_cv3.1.0.1/conv/Conv	Conv	/model.23/one2one_cv3.1/one2one_cv3.1.0/one2one_cv3.1.0.0/act/Mul_output_0:FLOAT:[1, 128, 40, 40] | model.23.one2one_cv3.1.0.1.conv.weight:FLOAT:[80, 128, 1, 1] | model.23.one2one_cv3.1.0.1.conv.bias:FLOAT:[80]	/model.23/one2one_cv3.1/one2one_cv3.1.0/one2one_cv3.1.0.1/conv/Conv_output_0:FLOAT:[1, 80, 40, 40]
N240	L240	sigmoid_060	/model.23/one2one_cv3.1/one2one_cv3.1.0/one2one_cv3.1.0.1/act/Sigmoid	Sigmoid	/model.23/one2one_cv3.1/one2one_cv3.1.0/one2one_cv3.1.0.1/conv/Conv_output_0:FLOAT:[1, 80, 40, 40]	/model.23/one2one_cv3.1/one2one_cv3.1.0/one2one_cv3.1.0.1/act/Sigmoid_output_0:FLOAT:[1, 80, 40, 40]
N241	L241	mul_061	/model.23/one2one_cv3.1/one2one_cv3.1.0/one2one_cv3.1.0.1/act/Mul	Mul	/model.23/one2one_cv3.1/one2one_cv3.1.0/one2one_cv3.1.0.1/conv/Conv_output_0:FLOAT:[1, 80, 40, 40] | /model.23/one2one_cv3.1/one2one_cv3.1.0/one2one_cv3.1.0.1/act/Sigmoid_output_0:FLOAT:[1, 80, 40, 40]	/model.23/one2one_cv3.1/one2one_cv3.1.0/one2one_cv3.1.0.1/act/Mul_output_0:FLOAT:[1, 80, 40, 40]
N242	L242	conv_071	/model.23/one2one_cv3.1/one2one_cv3.1.1/one2one_cv3.1.1.0/conv/Conv	Conv	/model.23/one2one_cv3.1/one2one_cv3.1.0/one2one_cv3.1.0.1/act/Mul_output_0:FLOAT:[1, 80, 40, 40] | model.23.one2one_cv3.1.1.0.conv.weight:FLOAT:[80, 1, 3, 3] | model.23.one2one_cv3.1.1.0.conv.bias:FLOAT:[80]	/model.23/one2one_cv3.1/one2one_cv3.1.1/one2one_cv3.1.1.0/conv/Conv_output_0:FLOAT:[1, 80, 40, 40]
N243	L243	sigmoid_061	/model.23/one2one_cv3.1/one2one_cv3.1.1/one2one_cv3.1.1.0/act/Sigmoid	Sigmoid	/model.23/one2one_cv3.1/one2one_cv3.1.1/one2one_cv3.1.1.0/conv/Conv_output_0:FLOAT:[1, 80, 40, 40]	/model.23/one2one_cv3.1/one2one_cv3.1.1/one2one_cv3.1.1.0/act/Sigmoid_output_0:FLOAT:[1, 80, 40, 40]
N244	L244	mul_062	/model.23/one2one_cv3.1/one2one_cv3.1.1/one2one_cv3.1.1.0/act/Mul	Mul	/model.23/one2one_cv3.1/one2one_cv3.1.1/one2one_cv3.1.1.0/conv/Conv_output_0:FLOAT:[1, 80, 40, 40] | /model.23/one2one_cv3.1/one2one_cv3.1.1/one2one_cv3.1.1.0/act/Sigmoid_output_0:FLOAT:[1, 80, 40, 40]	/model.23/one2one_cv3.1/one2one_cv3.1.1/one2one_cv3.1.1.0/act/Mul_output_0:FLOAT:[1, 80, 40, 40]
N245	L245	conv_072	/model.23/one2one_cv3.1/one2one_cv3.1.1/one2one_cv3.1.1.1/conv/Conv	Conv	/model.23/one2one_cv3.1/one2one_cv3.1.1/one2one_cv3.1.1.0/act/Mul_output_0:FLOAT:[1, 80, 40, 40] | model.23.one2one_cv3.1.1.1.conv.weight:FLOAT:[80, 80, 1, 1] | model.23.one2one_cv3.1.1.1.conv.bias:FLOAT:[80]	/model.23/one2one_cv3.1/one2one_cv3.1.1/one2one_cv3.1.1.1/conv/Conv_output_0:FLOAT:[1, 80, 40, 40]
N246	L246	sigmoid_062	/model.23/one2one_cv3.1/one2one_cv3.1.1/one2one_cv3.1.1.1/act/Sigmoid	Sigmoid	/model.23/one2one_cv3.1/one2one_cv3.1.1/one2one_cv3.1.1.1/conv/Conv_output_0:FLOAT:[1, 80, 40, 40]	/model.23/one2one_cv3.1/one2one_cv3.1.1/one2one_cv3.1.1.1/act/Sigmoid_output_0:FLOAT:[1, 80, 40, 40]
N247	L247	mul_063	/model.23/one2one_cv3.1/one2one_cv3.1.1/one2one_cv3.1.1.1/act/Mul	Mul	/model.23/one2one_cv3.1/one2one_cv3.1.1/one2one_cv3.1.1.1/conv/Conv_output_0:FLOAT:[1, 80, 40, 40] | /model.23/one2one_cv3.1/one2one_cv3.1.1/one2one_cv3.1.1.1/act/Sigmoid_output_0:FLOAT:[1, 80, 40, 40]	/model.23/one2one_cv3.1/one2one_cv3.1.1/one2one_cv3.1.1.1/act/Mul_output_0:FLOAT:[1, 80, 40, 40]
N248	L248	conv_073	/model.23/one2one_cv3.1/one2one_cv3.1.2/Conv	Conv	/model.23/one2one_cv3.1/one2one_cv3.1.1/one2one_cv3.1.1.1/act/Mul_output_0:FLOAT:[1, 80, 40, 40] | model.23.one2one_cv3.1.2.weight:FLOAT:[80, 80, 1, 1] | model.23.one2one_cv3.1.2.bias:FLOAT:[80]	/model.23/one2one_cv3.1/one2one_cv3.1.2/Conv_output_0:FLOAT:[1, 80, 40, 40]
N249	L249	concat_015	/model.23/Concat_1	Concat	/model.23/one2one_cv2.1/one2one_cv2.1.2/Conv_output_0:FLOAT:[1, 64, 40, 40] | /model.23/one2one_cv3.1/one2one_cv3.1.2/Conv_output_0:FLOAT:[1, 80, 40, 40]	/model.23/Concat_1_output_0:FLOAT:[1, 144, 40, 40]
N250	L250	conv_074	/model.23/one2one_cv2.2/one2one_cv2.2.0/conv/Conv	Conv	/model.22/cv2/act/Mul_output_0:FLOAT:[1, 256, 20, 20] | model.23.one2one_cv2.2.0.conv.weight:FLOAT:[64, 256, 3, 3] | model.23.one2one_cv2.2.0.conv.bias:FLOAT:[64]	/model.23/one2one_cv2.2/one2one_cv2.2.0/conv/Conv_output_0:FLOAT:[1, 64, 20, 20]
N251	L251	sigmoid_063	/model.23/one2one_cv2.2/one2one_cv2.2.0/act/Sigmoid	Sigmoid	/model.23/one2one_cv2.2/one2one_cv2.2.0/conv/Conv_output_0:FLOAT:[1, 64, 20, 20]	/model.23/one2one_cv2.2/one2one_cv2.2.0/act/Sigmoid_output_0:FLOAT:[1, 64, 20, 20]
N252	L252	mul_064	/model.23/one2one_cv2.2/one2one_cv2.2.0/act/Mul	Mul	/model.23/one2one_cv2.2/one2one_cv2.2.0/conv/Conv_output_0:FLOAT:[1, 64, 20, 20] | /model.23/one2one_cv2.2/one2one_cv2.2.0/act/Sigmoid_output_0:FLOAT:[1, 64, 20, 20]	/model.23/one2one_cv2.2/one2one_cv2.2.0/act/Mul_output_0:FLOAT:[1, 64, 20, 20]
N253	L253	conv_075	/model.23/one2one_cv2.2/one2one_cv2.2.1/conv/Conv	Conv	/model.23/one2one_cv2.2/one2one_cv2.2.0/act/Mul_output_0:FLOAT:[1, 64, 20, 20] | model.23.one2one_cv2.2.1.conv.weight:FLOAT:[64, 64, 3, 3] | model.23.one2one_cv2.2.1.conv.bias:FLOAT:[64]	/model.23/one2one_cv2.2/one2one_cv2.2.1/conv/Conv_output_0:FLOAT:[1, 64, 20, 20]
N254	L254	sigmoid_064	/model.23/one2one_cv2.2/one2one_cv2.2.1/act/Sigmoid	Sigmoid	/model.23/one2one_cv2.2/one2one_cv2.2.1/conv/Conv_output_0:FLOAT:[1, 64, 20, 20]	/model.23/one2one_cv2.2/one2one_cv2.2.1/act/Sigmoid_output_0:FLOAT:[1, 64, 20, 20]
N255	L255	mul_065	/model.23/one2one_cv2.2/one2one_cv2.2.1/act/Mul	Mul	/model.23/one2one_cv2.2/one2one_cv2.2.1/conv/Conv_output_0:FLOAT:[1, 64, 20, 20] | /model.23/one2one_cv2.2/one2one_cv2.2.1/act/Sigmoid_output_0:FLOAT:[1, 64, 20, 20]	/model.23/one2one_cv2.2/one2one_cv2.2.1/act/Mul_output_0:FLOAT:[1, 64, 20, 20]
N256	L256	conv_076	/model.23/one2one_cv2.2/one2one_cv2.2.2/Conv	Conv	/model.23/one2one_cv2.2/one2one_cv2.2.1/act/Mul_output_0:FLOAT:[1, 64, 20, 20] | model.23.one2one_cv2.2.2.weight:FLOAT:[64, 64, 1, 1] | model.23.one2one_cv2.2.2.bias:FLOAT:[64]	/model.23/one2one_cv2.2/one2one_cv2.2.2/Conv_output_0:FLOAT:[1, 64, 20, 20]
N257	L257	conv_077	/model.23/one2one_cv3.2/one2one_cv3.2.0/one2one_cv3.2.0.0/conv/Conv	Conv	/model.22/cv2/act/Mul_output_0:FLOAT:[1, 256, 20, 20] | model.23.one2one_cv3.2.0.0.conv.weight:FLOAT:[256, 1, 3, 3] | model.23.one2one_cv3.2.0.0.conv.bias:FLOAT:[256]	/model.23/one2one_cv3.2/one2one_cv3.2.0/one2one_cv3.2.0.0/conv/Conv_output_0:FLOAT:[1, 256, 20, 20]
N258	L258	sigmoid_065	/model.23/one2one_cv3.2/one2one_cv3.2.0/one2one_cv3.2.0.0/act/Sigmoid	Sigmoid	/model.23/one2one_cv3.2/one2one_cv3.2.0/one2one_cv3.2.0.0/conv/Conv_output_0:FLOAT:[1, 256, 20, 20]	/model.23/one2one_cv3.2/one2one_cv3.2.0/one2one_cv3.2.0.0/act/Sigmoid_output_0:FLOAT:[1, 256, 20, 20]
N259	L259	mul_066	/model.23/one2one_cv3.2/one2one_cv3.2.0/one2one_cv3.2.0.0/act/Mul	Mul	/model.23/one2one_cv3.2/one2one_cv3.2.0/one2one_cv3.2.0.0/conv/Conv_output_0:FLOAT:[1, 256, 20, 20] | /model.23/one2one_cv3.2/one2one_cv3.2.0/one2one_cv3.2.0.0/act/Sigmoid_output_0:FLOAT:[1, 256, 20, 20]	/model.23/one2one_cv3.2/one2one_cv3.2.0/one2one_cv3.2.0.0/act/Mul_output_0:FLOAT:[1, 256, 20, 20]
N260	L260	conv_078	/model.23/one2one_cv3.2/one2one_cv3.2.0/one2one_cv3.2.0.1/conv/Conv	Conv	/model.23/one2one_cv3.2/one2one_cv3.2.0/one2one_cv3.2.0.0/act/Mul_output_0:FLOAT:[1, 256, 20, 20] | model.23.one2one_cv3.2.0.1.conv.weight:FLOAT:[80, 256, 1, 1] | model.23.one2one_cv3.2.0.1.conv.bias:FLOAT:[80]	/model.23/one2one_cv3.2/one2one_cv3.2.0/one2one_cv3.2.0.1/conv/Conv_output_0:FLOAT:[1, 80, 20, 20]
N261	L261	sigmoid_066	/model.23/one2one_cv3.2/one2one_cv3.2.0/one2one_cv3.2.0.1/act/Sigmoid	Sigmoid	/model.23/one2one_cv3.2/one2one_cv3.2.0/one2one_cv3.2.0.1/conv/Conv_output_0:FLOAT:[1, 80, 20, 20]	/model.23/one2one_cv3.2/one2one_cv3.2.0/one2one_cv3.2.0.1/act/Sigmoid_output_0:FLOAT:[1, 80, 20, 20]
N262	L262	mul_067	/model.23/one2one_cv3.2/one2one_cv3.2.0/one2one_cv3.2.0.1/act/Mul	Mul	/model.23/one2one_cv3.2/one2one_cv3.2.0/one2one_cv3.2.0.1/conv/Conv_output_0:FLOAT:[1, 80, 20, 20] | /model.23/one2one_cv3.2/one2one_cv3.2.0/one2one_cv3.2.0.1/act/Sigmoid_output_0:FLOAT:[1, 80, 20, 20]	/model.23/one2one_cv3.2/one2one_cv3.2.0/one2one_cv3.2.0.1/act/Mul_output_0:FLOAT:[1, 80, 20, 20]
N263	L263	conv_079	/model.23/one2one_cv3.2/one2one_cv3.2.1/one2one_cv3.2.1.0/conv/Conv	Conv	/model.23/one2one_cv3.2/one2one_cv3.2.0/one2one_cv3.2.0.1/act/Mul_output_0:FLOAT:[1, 80, 20, 20] | model.23.one2one_cv3.2.1.0.conv.weight:FLOAT:[80, 1, 3, 3] | model.23.one2one_cv3.2.1.0.conv.bias:FLOAT:[80]	/model.23/one2one_cv3.2/one2one_cv3.2.1/one2one_cv3.2.1.0/conv/Conv_output_0:FLOAT:[1, 80, 20, 20]
N264	L264	sigmoid_067	/model.23/one2one_cv3.2/one2one_cv3.2.1/one2one_cv3.2.1.0/act/Sigmoid	Sigmoid	/model.23/one2one_cv3.2/one2one_cv3.2.1/one2one_cv3.2.1.0/conv/Conv_output_0:FLOAT:[1, 80, 20, 20]	/model.23/one2one_cv3.2/one2one_cv3.2.1/one2one_cv3.2.1.0/act/Sigmoid_output_0:FLOAT:[1, 80, 20, 20]
N265	L265	mul_068	/model.23/one2one_cv3.2/one2one_cv3.2.1/one2one_cv3.2.1.0/act/Mul	Mul	/model.23/one2one_cv3.2/one2one_cv3.2.1/one2one_cv3.2.1.0/conv/Conv_output_0:FLOAT:[1, 80, 20, 20] | /model.23/one2one_cv3.2/one2one_cv3.2.1/one2one_cv3.2.1.0/act/Sigmoid_output_0:FLOAT:[1, 80, 20, 20]	/model.23/one2one_cv3.2/one2one_cv3.2.1/one2one_cv3.2.1.0/act/Mul_output_0:FLOAT:[1, 80, 20, 20]
N266	L266	conv_080	/model.23/one2one_cv3.2/one2one_cv3.2.1/one2one_cv3.2.1.1/conv/Conv	Conv	/model.23/one2one_cv3.2/one2one_cv3.2.1/one2one_cv3.2.1.0/act/Mul_output_0:FLOAT:[1, 80, 20, 20] | model.23.one2one_cv3.2.1.1.conv.weight:FLOAT:[80, 80, 1, 1] | model.23.one2one_cv3.2.1.1.conv.bias:FLOAT:[80]	/model.23/one2one_cv3.2/one2one_cv3.2.1/one2one_cv3.2.1.1/conv/Conv_output_0:FLOAT:[1, 80, 20, 20]
N267	L267	sigmoid_068	/model.23/one2one_cv3.2/one2one_cv3.2.1/one2one_cv3.2.1.1/act/Sigmoid	Sigmoid	/model.23/one2one_cv3.2/one2one_cv3.2.1/one2one_cv3.2.1.1/conv/Conv_output_0:FLOAT:[1, 80, 20, 20]	/model.23/one2one_cv3.2/one2one_cv3.2.1/one2one_cv3.2.1.1/act/Sigmoid_output_0:FLOAT:[1, 80, 20, 20]
N268	L268	mul_069	/model.23/one2one_cv3.2/one2one_cv3.2.1/one2one_cv3.2.1.1/act/Mul	Mul	/model.23/one2one_cv3.2/one2one_cv3.2.1/one2one_cv3.2.1.1/conv/Conv_output_0:FLOAT:[1, 80, 20, 20] | /model.23/one2one_cv3.2/one2one_cv3.2.1/one2one_cv3.2.1.1/act/Sigmoid_output_0:FLOAT:[1, 80, 20, 20]	/model.23/one2one_cv3.2/one2one_cv3.2.1/one2one_cv3.2.1.1/act/Mul_output_0:FLOAT:[1, 80, 20, 20]
N269	L269	conv_081	/model.23/one2one_cv3.2/one2one_cv3.2.2/Conv	Conv	/model.23/one2one_cv3.2/one2one_cv3.2.1/one2one_cv3.2.1.1/act/Mul_output_0:FLOAT:[1, 80, 20, 20] | model.23.one2one_cv3.2.2.weight:FLOAT:[80, 80, 1, 1] | model.23.one2one_cv3.2.2.bias:FLOAT:[80]	/model.23/one2one_cv3.2/one2one_cv3.2.2/Conv_output_0:FLOAT:[1, 80, 20, 20]
N270	L270	concat_016	/model.23/Concat_2	Concat	/model.23/one2one_cv2.2/one2one_cv2.2.2/Conv_output_0:FLOAT:[1, 64, 20, 20] | /model.23/one2one_cv3.2/one2one_cv3.2.2/Conv_output_0:FLOAT:[1, 80, 20, 20]	/model.23/Concat_2_output_0:FLOAT:[1, 144, 20, 20]
N271	L271	reshape_003	/model.23/Reshape	Reshape	/model.23/Concat_output_0:FLOAT:[1, 144, 80, 80] | /model.23/Constant_output_0:INT64:[3]	/model.23/Reshape_output_0:FLOAT:[1, 144, 6400]
N272	L272	reshape_004	/model.23/Reshape_1	Reshape	/model.23/Concat_1_output_0:FLOAT:[1, 144, 40, 40] | /model.23/Constant_output_0:INT64:[3]	/model.23/Reshape_1_output_0:FLOAT:[1, 144, 1600]
N273	L273	reshape_005	/model.23/Reshape_2	Reshape	/model.23/Concat_2_output_0:FLOAT:[1, 144, 20, 20] | /model.23/Constant_output_0:INT64:[3]	/model.23/Reshape_2_output_0:FLOAT:[1, 144, 400]
N274	L274	concat_017	/model.23/Concat_3	Concat	/model.23/Reshape_output_0:FLOAT:[1, 144, 6400] | /model.23/Reshape_1_output_0:FLOAT:[1, 144, 1600] | /model.23/Reshape_2_output_0:FLOAT:[1, 144, 400]	/model.23/Concat_3_output_0:FLOAT:[1, 144, 8400]
N275	L275	split_010	/model.23/Split	Split	/model.23/Concat_3_output_0:FLOAT:[1, 144, 8400] | onnx::Split_572:INT64:[2]	/model.23/Split_output_0:FLOAT:[1, 64, 8400] | /model.23/Split_output_1:FLOAT:[1, 80, 8400]
N276	L276	reshape_006	/model.23/dfl/Reshape	Reshape	/model.23/Split_output_0:FLOAT:[1, 64, 8400] | /model.23/dfl/Constant_output_0:INT64:[4]	/model.23/dfl/Reshape_output_0:FLOAT:[1, 4, 16, 8400]
N277	L277	transpose_002	/model.23/dfl/Transpose	Transpose	/model.23/dfl/Reshape_output_0:FLOAT:[1, 4, 16, 8400]	/model.23/dfl/Transpose_output_0:FLOAT:[1, 16, 4, 8400]
N278	L278	softmax_001	/model.23/dfl/Softmax	Softmax	/model.23/dfl/Transpose_output_0:FLOAT:[1, 16, 4, 8400]	/model.23/dfl/Softmax_output_0:FLOAT:[1, 16, 4, 8400]
N279	L279	conv_082	/model.23/dfl/conv/Conv	Conv	/model.23/dfl/Softmax_output_0:FLOAT:[1, 16, 4, 8400] | model.23.dfl.conv.weight:FLOAT:[1, 16, 1, 1]	/model.23/dfl/conv/Conv_output_0:FLOAT:[1, 1, 4, 8400]
N280	L280	reshape_007	/model.23/dfl/Reshape_1	Reshape	/model.23/dfl/conv/Conv_output_0:FLOAT:[1, 1, 4, 8400] | /model.23/dfl/Constant_1_output_0:INT64:[3]	/model.23/dfl/Reshape_1_output_0:FLOAT:[1, 4, 8400]
N281	L281	split_011	/model.23/Split_1	Split	/model.23/dfl/Reshape_1_output_0:FLOAT:[1, 4, 8400] | onnx::Split_214:INT64:[2]	/model.23/Split_1_output_0:FLOAT:[1, 2, 8400] | /model.23/Split_1_output_1:FLOAT:[1, 2, 8400]
N282	L282	sub_000	/model.23/Sub	Sub	/model.23/Constant_3_output_0:FLOAT:[1, 2, 8400] | /model.23/Split_1_output_0:FLOAT:[1, 2, 8400]	/model.23/Sub_output_0:FLOAT:[1, 2, 8400]
N283	L283	add_010	/model.23/Add	Add	/model.23/Constant_3_output_0:FLOAT:[1, 2, 8400] | /model.23/Split_1_output_1:FLOAT:[1, 2, 8400]	/model.23/Add_output_0:FLOAT:[1, 2, 8400]
N284	L284	concat_018	/model.23/Concat_4	Concat	/model.23/Sub_output_0:FLOAT:[1, 2, 8400] | /model.23/Add_output_0:FLOAT:[1, 2, 8400]	/model.23/Concat_4_output_0:FLOAT:[1, 4, 8400]
N285	L285	mul_070	/model.23/Mul	Mul	/model.23/Concat_4_output_0:FLOAT:[1, 4, 8400] | /model.23/Constant_5_output_0:FLOAT:[1, 8400]	/model.23/Mul_output_0:FLOAT:[1, 4, 8400]
N286	L286	sigmoid_069	/model.23/Sigmoid	Sigmoid	/model.23/Split_output_1:FLOAT:[1, 80, 8400]	/model.23/Sigmoid_output_0:FLOAT:[1, 80, 8400]
N287	L287	concat_019	/model.23/Concat_5	Concat	/model.23/Mul_output_0:FLOAT:[1, 4, 8400] | /model.23/Sigmoid_output_0:FLOAT:[1, 80, 8400]	/model.23/Concat_5_output_0:FLOAT:[1, 84, 8400]
N288	L288	transpose_003	/model.23/Transpose	Transpose	/model.23/Concat_5_output_0:FLOAT:[1, 84, 8400]	/model.23/Transpose_output_0:FLOAT:[1, 8400, 84]
N289	L289	split_012	/model.23/Split_2	Split	/model.23/Transpose_output_0:FLOAT:[1, 8400, 84] | onnx::Split_612:INT64:[2]	/model.23/Split_2_output_0:FLOAT:[1, 8400, 4] | /model.23/Split_2_output_1:FLOAT:[1, 8400, 80]
N290	L290	reducemax_000	/model.23/ReduceMax	ReduceMax	/model.23/Split_2_output_1:FLOAT:[1, 8400, 80]	/model.23/ReduceMax_output_0:FLOAT:[1, 8400]
N291	L291	topk_000	/model.23/TopK	TopK	/model.23/ReduceMax_output_0:FLOAT:[1, 8400] | /model.23/Constant_6_output_0:INT64:[1]	/model.23/TopK_output_0:FLOAT:[1, 300] | /model.23/TopK_output_1:INT64:[1, 300]
N292	L292	unsqueeze_000	/model.23/Unsqueeze	Unsqueeze	/model.23/TopK_output_1:INT64:[1, 300] | /model.23/Constant_7_output_0:INT64:[1]	/model.23/Unsqueeze_output_0:INT64:[1, 300, 1]
N293	L293	tile_000	/model.23/Tile	Tile	/model.23/Unsqueeze_output_0:INT64:[1, 300, 1] | /model.23/Constant_8_output_0:INT64:[3]	/model.23/Tile_output_0:INT64:[1, 300, 4]
N294	L294	gatherelements_000	/model.23/GatherElements	GatherElements	/model.23/Split_2_output_0:FLOAT:[1, 8400, 4] | /model.23/Tile_output_0:INT64:[1, 300, 4]	/model.23/GatherElements_output_0:FLOAT:[1, 300, 4]
N295	L295	tile_001	/model.23/Tile_1	Tile	/model.23/Unsqueeze_output_0:INT64:[1, 300, 1] | /model.23/Constant_10_output_0:INT64:[3]	/model.23/Tile_1_output_0:INT64:[1, 300, 80]
N296	L296	gatherelements_001	/model.23/GatherElements_1	GatherElements	/model.23/Split_2_output_1:FLOAT:[1, 8400, 80] | /model.23/Tile_1_output_0:INT64:[1, 300, 80]	/model.23/GatherElements_1_output_0:FLOAT:[1, 300, 80]
N297	L297	flatten_000	/model.23/Flatten	Flatten	/model.23/GatherElements_1_output_0:FLOAT:[1, 300, 80]	/model.23/Flatten_output_0:FLOAT:[1, 24000]
N298	L298	topk_001	/model.23/TopK_1	TopK	/model.23/Flatten_output_0:FLOAT:[1, 24000] | /model.23/Constant_6_output_0:INT64:[1]	/model.23/TopK_1_output_0:FLOAT:[1, 300] | /model.23/TopK_1_output_1:INT64:[1, 300]
N299	L299	mod_000	/model.23/Mod	Mod	/model.23/TopK_1_output_1:INT64:[1, 300] | /model.23/Constant_13_output_0:INT64:[]	/model.23/Mod_output_0:INT64:[1, 300]
N300	L300	div_000	/model.23/Div	Div	/model.23/TopK_1_output_1:INT64:[1, 300] | /model.23/Constant_13_output_0:INT64:[]	/model.23/Div_output_0:INT64:[1, 300]
N301	L301	unsqueeze_001	/model.23/Unsqueeze_1	Unsqueeze	/model.23/Div_output_0:INT64:[1, 300] | /model.23/Constant_7_output_0:INT64:[1]	/model.23/Unsqueeze_1_output_0:INT64:[1, 300, 1]
N302	L302	tile_002	/model.23/Tile_2	Tile	/model.23/Unsqueeze_1_output_0:INT64:[1, 300, 1] | /model.23/Constant_8_output_0:INT64:[3]	/model.23/Tile_2_output_0:INT64:[1, 300, 4]
N303	L303	gatherelements_002	/model.23/GatherElements_2	GatherElements	/model.23/GatherElements_output_0:FLOAT:[1, 300, 4] | /model.23/Tile_2_output_0:INT64:[1, 300, 4]	/model.23/GatherElements_2_output_0:FLOAT:[1, 300, 4]
N304	L304	unsqueeze_002	/model.23/Unsqueeze_2	Unsqueeze	/model.23/TopK_1_output_0:FLOAT:[1, 300] | /model.23/Constant_7_output_0:INT64:[1]	/model.23/Unsqueeze_2_output_0:FLOAT:[1, 300, 1]
N305	L305	unsqueeze_003	/model.23/Unsqueeze_3	Unsqueeze	/model.23/Mod_output_0:INT64:[1, 300] | /model.23/Constant_7_output_0:INT64:[1]	/model.23/Unsqueeze_3_output_0:INT64:[1, 300, 1]
N306	L306	cast_000	/model.23/Cast_2	Cast	/model.23/Unsqueeze_3_output_0:INT64:[1, 300, 1]	/model.23/Cast_2_output_0:FLOAT:[1, 300, 1]
N307	L307	concat_020	/model.23/Concat_6	Concat	/model.23/GatherElements_2_output_0:FLOAT:[1, 300, 4] | /model.23/Unsqueeze_2_output_0:FLOAT:[1, 300, 1] | /model.23/Cast_2_output_0:FLOAT:[1, 300, 1]	output0:FLOAT:[1, 300, 6]
